order_id,customer_id,order_status,order_date,required_date,shipped_date,store_id,staff_id
193,1366,4,2016-04-28,2016-04-30,2016-04-30,1,3
382,199,4,2016-08-20,2016-08-23,2016-08-23,2,6
787,700,4,2017-03-18,2017-03-20,2017-03-19,3,9
1096,589,4,2017-08-27,2017-08-29,2017-08-29,1,2
1181,1022,4,2017-10-13,2017-10-16,2017-10-15,2,7
1475,112,4,2018-03-30,2018-04-01,2018-03-31,2,6
1567,89,2,2018-04-21,2018-04-21,NULL,1,2
208,815,4,2016-05-06,2016-05-07,2016-05-09,2,7
418,88,4,2016-09-04,2016-09-05,2016-09-05,2,6
513,155,4,2016-10-19,2016-10-21,2016-10-21,2,6
703,417,4,2017-02-08,2017-02-09,2017-02-09,2,7
935,43,3,2017-06-10,2017-06-10,NULL,3,8
1524,37,1,2018-04-12,2018-04-12,NULL,2,6
169,99,4,2016-04-10,2016-04-11,2016-04-11,2,7
218,1179,4,2016-05-12,2016-05-14,2016-05-14,2,7
832,1215,4,2017-04-11,2017-04-12,2017-04-12,2,7
885,66,3,2017-05-13,2017-05-13,NULL,3,8
1063,198,4,2017-08-16,2017-08-19,2017-08-19,3,8
1107,1424,4,2017-09-02,2017-09-05,2017-09-05,2,7
1157,24,4,2017-10-01,2017-10-03,2017-10-04,1,3
1334,425,4,2018-01-07,2018-01-09,2018-01-10,2,6
1445,515,4,2018-03-17,2018-03-18,2018-03-20,2,7
243,802,4,2016-05-27,2016-05-30,2016-05-28,3,8
365,981,4,2016-08-13,2016-08-14,2016-08-15,2,6
932,804,4,2017-06-07,2017-06-08,2017-06-09,2,6
943,1025,4,2017-06-13,2017-06-15,2017-06-15,2,6
1248,1367,4,2017-11-16,2017-11-17,2017-11-18,1,3
1342,1393,4,2018-01-12,2018-01-13,2018-01-15,2,7
69,1413,4,2016-02-10,2016-02-12,2016-02-11,2,7
223,1368,4,2016-05-15,2016-05-16,2016-05-17,2,7
612,634,4,2016-12-16,2016-12-17,2016-12-17,2,7
665,29,4,2017-01-21,2017-01-22,2017-01-23,2,6
667,858,4,2017-01-22,2017-01-24,2017-01-25,2,7
826,45,4,2017-04-07,2017-04-10,2017-04-10,2,6
852,13,4,2017-04-21,2017-04-23,2017-04-22,3,9
862,1230,4,2017-04-27,2017-04-30,2017-04-29,3,8
939,1407,4,2017-06-11,2017-06-12,2017-06-14,2,6
1014,748,4,2017-07-19,2017-07-21,2017-07-21,2,6
1202,593,4,2017-10-24,2017-10-25,2017-10-25,2,6
1394,906,4,2018-02-14,2018-02-16,2018-02-16,3,8
1421,1176,4,2018-03-05,2018-03-07,2018-03-07,2,7
51,1047,4,2016-02-01,2016-02-02,2016-02-03,2,7
52,767,4,2016-02-03,2016-02-04,2016-02-05,1,2
130,1049,4,2016-03-19,2016-03-22,2016-03-20,2,6
296,1245,4,2016-07-04,2016-07-07,2016-07-06,2,6
444,30,4,2016-09-19,2016-09-20,2016-09-21,1,2
776,490,4,2017-03-13,2017-03-15,2017-03-16,2,6
1201,201,4,2017-10-23,2017-10-24,2017-10-24,2,6
1328,1083,4,2018-01-02,2018-01-03,2018-01-03,2,6
1470,505,4,2018-03-28,2018-03-31,2018-03-31,2,7
3,523,4,2016-01-02,2016-01-05,2016-01-03,2,7
56,1241,4,2016-02-04,2016-02-06,2016-02-07,2,6
170,1200,4,2016-04-10,2016-04-11,2016-04-13,2,7
182,854,4,2016-04-18,2016-04-19,2016-04-20,2,6
388,1080,4,2016-08-21,2016-08-24,2016-08-23,3,8
735,20,3,2017-02-27,2017-02-27,NULL,3,9
825,10,4,2017-04-07,2017-04-08,2017-04-09,2,7
964,404,4,2017-06-20,2017-06-22,2017-06-22,2,7
1072,47,3,2017-08-18,2017-08-18,NULL,1,3
1245,1166,4,2017-11-13,2017-11-16,2017-11-14,2,7
1294,947,4,2017-12-11,2017-12-13,2017-12-14,1,2
1351,1016,4,2018-01-16,2018-01-19,2018-01-19,2,7
209,514,4,2016-05-07,2016-05-08,2016-05-08,2,6
425,843,4,2016-09-08,2016-09-11,2016-09-11,2,6
1071,602,4,2017-08-17,2017-08-20,2017-08-18,3,8
1175,292,4,2017-10-09,2017-10-11,2017-10-12,2,6
7,324,4,2016-01-04,2016-01-07,2016-01-05,2,6
116,471,4,2016-03-10,2016-03-11,2016-03-11,2,7
197,127,4,2016-04-30,2016-05-03,2016-05-03,2,7
245,223,4,2016-05-29,2016-05-31,2016-05-30,2,7
640,1093,4,2017-01-06,2017-01-08,2017-01-07,2,6
686,380,4,2017-02-01,2017-02-03,2017-02-04,2,7
762,572,4,2017-03-08,2017-03-09,2017-03-09,2,6
944,138,4,2017-06-14,2017-06-15,2017-06-17,1,3
947,278,4,2017-06-15,2017-06-18,2017-06-17,1,3
1097,1311,4,2017-08-27,2017-08-30,2017-08-28,2,6
1162,888,4,2017-10-01,2017-10-03,2017-10-03,2,6
1174,1109,4,2017-10-08,2017-10-10,2017-10-11,2,6
1274,1364,4,2017-11-28,2017-11-29,2017-12-01,2,7
1295,37,4,2017-12-11,2017-12-12,2017-12-14,2,7
1370,115,4,2018-01-28,2018-01-29,2018-01-29,2,7
1371,937,4,2018-01-29,2018-01-30,2018-02-01,2,7
1451,822,4,2018-03-19,2018-03-22,2018-03-20,2,6
1529,50,1,2018-04-12,2018-04-12,NULL,3,8
1577,48,1,2018-04-23,2018-04-23,NULL,2,7
43,1434,4,2016-01-27,2016-01-28,2016-01-30,2,7
265,682,4,2016-06-10,2016-06-12,2016-06-11,2,7
635,520,4,2016-12-30,2017-01-02,2016-12-31,2,6
715,12,3,2017-02-15,2017-02-15,NULL,2,6
989,1145,4,2017-07-02,2017-07-04,2017-07-03,2,6
1030,161,4,2017-07-29,2017-07-30,2017-07-31,2,6
1311,1021,4,2017-12-24,2017-12-26,2017-12-27,2,6
1345,1037,4,2018-01-14,2018-01-15,2018-01-15,2,6
1528,20,1,2018-04-12,2018-04-12,NULL,3,8
140,1264,4,2016-03-23,2016-03-26,2016-03-26,2,7
567,1430,4,2016-11-22,2016-11-23,2016-11-23,1,2
845,662,4,2017-04-17,2017-04-18,2017-04-18,2,7
937,73,4,2017-06-11,2017-06-14,2017-06-13,2,7
49,608,4,2016-01-31,2016-02-01,2016-02-02,2,6
290,202,4,2016-06-28,2016-06-29,2016-06-30,2,6
309,211,4,2016-07-11,2016-07-13,2016-07-13,2,6
314,1019,4,2016-07-15,2016-07-17,2016-07-17,2,7
553,913,4,2016-11-12,2016-11-13,2016-11-15,3,9
747,87,4,2017-03-03,2017-03-04,2017-03-05,1,3
892,651,4,2017-05-15,2017-05-18,2017-05-17,2,7
941,736,4,2017-06-12,2017-06-14,2017-06-14,1,2
981,687,4,2017-06-26,2017-06-29,2017-06-28,3,8
1122,1132,4,2017-09-12,2017-09-14,2017-09-14,2,6
1186,1120,4,2017-10-14,2017-10-16,2017-10-15,2,6
172,1079,4,2016-04-11,2016-04-12,2016-04-14,2,7
980,328,4,2017-06-26,2017-06-28,2017-06-27,3,9
1131,1178,4,2017-09-18,2017-09-20,2017-09-19,1,3
1183,216,4,2017-10-14,2017-10-17,2017-10-17,2,6
1425,126,4,2018-03-07,2018-03-09,2018-03-09,2,6
1443,972,4,2018-03-16,2018-03-17,2018-03-17,2,7
1589,40,2,2018-04-27,2018-04-27,NULL,1,3
239,13,3,2016-05-27,2016-05-27,NULL,3,9
287,133,4,2016-06-25,2016-06-26,2016-06-27,2,6
502,401,4,2016-10-12,2016-10-13,2016-10-13,3,9
555,212,4,2016-11-13,2016-11-14,2016-11-16,2,7
652,985,4,2017-01-12,2017-01-15,2017-01-13,3,9
908,402,4,2017-05-25,2017-05-28,2017-05-27,2,7
956,1184,4,2017-06-17,2017-06-19,2017-06-20,2,6
1017,168,4,2017-07-20,2017-07-21,2017-07-23,2,6
1459,9,4,2018-03-21,2018-03-22,2018-03-22,2,7
1502,83,2,2018-04-06,2018-04-06,NULL,2,6
285,319,4,2016-06-25,2016-06-26,2016-06-27,1,2
292,360,4,2016-06-29,2016-06-30,2016-07-02,3,9
643,901,4,2017-01-08,2017-01-09,2017-01-11,1,3
779,367,4,2017-03-15,2017-03-16,2017-03-18,2,6
1142,554,4,2017-09-23,2017-09-26,2017-09-26,1,3
1209,1342,4,2017-10-26,2017-10-27,2017-10-29,2,7
1318,75,4,2017-12-27,2017-12-30,2017-12-29,2,6
1391,914,4,2018-02-13,2018-02-14,2018-02-14,2,7
229,742,4,2016-05-19,2016-05-21,2016-05-20,2,6
363,834,4,2016-08-11,2016-08-12,2016-08-13,3,8
1083,1372,4,2017-08-20,2017-08-23,2017-08-23,2,6
1171,826,4,2017-10-05,2017-10-06,2017-10-08,2,6
198,640,4,2016-05-01,2016-05-04,2016-05-03,2,6
341,1357,4,2016-07-31,2016-08-03,2016-08-01,1,3
427,434,4,2016-09-09,2016-09-10,2016-09-11,1,2
1176,1111,4,2017-10-10,2017-10-13,2017-10-11,3,9
1247,426,4,2017-11-16,2017-11-18,2017-11-17,1,2
1306,28,4,2017-12-20,2017-12-21,2017-12-22,2,6
1361,1084,4,2018-01-22,2018-01-24,2018-01-23,2,7
280,638,4,2016-06-21,2016-06-22,2016-06-23,2,7
317,795,4,2016-07-17,2016-07-20,2016-07-19,2,7
633,1040,4,2016-12-28,2016-12-31,2016-12-30,3,8
807,1148,4,2017-03-30,2017-04-01,2017-04-02,2,6
920,966,4,2017-05-30,2017-06-01,2017-06-02,2,7
1084,2,4,2017-08-21,2017-08-24,2017-08-23,1,2
1099,1128,4,2017-08-28,2017-08-29,2017-08-30,2,6
1118,1023,4,2017-09-08,2017-09-11,2017-09-11,2,6
1252,110,4,2017-11-18,2017-11-20,2017-11-21,1,3
8,1204,4,2016-01-04,2016-01-05,2016-01-05,2,7
68,381,4,2016-02-10,2016-02-11,2016-02-13,2,6
279,378,4,2016-06-21,2016-06-22,2016-06-22,2,6
636,532,4,2017-01-03,2017-01-04,2017-01-05,1,2
690,1097,4,2017-02-03,2017-02-04,2017-02-06,1,2
910,342,4,2017-05-26,2017-05-28,2017-05-28,2,7
993,1415,4,2017-07-09,2017-07-11,2017-07-11,1,3
1086,220,4,2017-08-21,2017-08-23,2017-08-24,2,7
1377,1007,4,2018-02-01,2018-02-03,2018-02-03,2,7
33,236,4,2016-01-21,2016-01-22,2016-01-22,2,6
255,801,4,2016-06-03,2016-06-06,2016-06-05,2,7
362,187,4,2016-08-09,2016-08-11,2016-08-11,1,2
437,1085,4,2016-09-16,2016-09-18,2016-09-18,2,7
569,707,4,2016-11-23,2016-11-24,2016-11-25,2,6
1049,194,4,2017-08-09,2017-08-11,2017-08-10,1,2
1264,113,4,2017-11-24,2017-11-27,2017-11-25,2,6
126,1365,4,2016-03-16,2016-03-18,2016-03-18,2,7
691,1081,4,2017-02-04,2017-02-06,2017-02-06,2,7
911,887,4,2017-05-26,2017-05-29,2017-05-29,2,6
1082,1327,4,2017-08-20,2017-08-22,2017-08-21,2,6
1130,69,4,2017-09-18,2017-09-20,2017-09-20,1,3
1223,1207,4,2017-11-02,2017-11-03,2017-11-03,2,6
1341,1258,4,2018-01-12,2018-01-13,2018-01-14,2,7
1519,26,2,2018-04-11,2018-04-11,NULL,2,7
110,677,4,2016-03-06,2016-03-08,2016-03-09,3,9
234,1435,4,2016-05-22,2016-05-24,2016-05-24,2,6
269,764,4,2016-06-12,2016-06-13,2016-06-15,2,6
495,712,4,2016-10-10,2016-10-12,2016-10-13,1,3
891,384,4,2017-05-15,2017-05-18,2017-05-16,2,6
1531,233,1,2018-04-13,2018-04-13,NULL,1,2
22,1035,4,2016-01-16,2016-01-18,2016-01-17,1,2
682,614,4,2017-01-29,2017-01-30,2017-01-30,2,6
1010,8,3,2017-07-18,2017-07-18,NULL,2,7
1387,11,4,2018-02-09,2018-02-11,2018-02-11,2,7
294,732,4,2016-07-01,2016-07-02,2016-07-02,2,7
579,160,4,2016-11-27,2016-11-30,2016-11-29,3,8
726,969,4,2017-02-19,2017-02-22,2017-02-20,2,6
736,184,4,2017-02-27,2017-02-28,2017-02-28,2,7
983,1158,4,2017-06-27,2017-06-28,2017-06-29,2,6
1448,228,4,2018-03-18,2018-03-19,2018-03-21,2,6
1511,25,1,2018-04-09,2018-04-09,NULL,2,6
329,274,4,2016-07-24,2016-07-27,2016-07-26,2,6
546,470,4,2016-11-09,2016-11-12,2016-11-10,2,7
570,989,4,2016-11-23,2016-11-24,2016-11-25,2,6
653,1249,4,2017-01-14,2017-01-17,2017-01-15,1,2
744,166,4,2017-03-01,2017-03-02,2017-03-02,2,7
971,1426,4,2017-06-22,2017-06-23,2017-06-24,3,8
1018,290,4,2017-07-22,2017-07-23,2017-07-23,2,6
1026,1370,4,2017-07-26,2017-07-28,2017-07-29,1,2
47,1234,4,2016-01-29,2016-01-30,2016-01-31,2,7
227,489,4,2016-05-17,2016-05-18,2016-05-20,2,7
323,1243,4,2016-07-19,2016-07-22,2016-07-21,2,6
436,791,4,2016-09-16,2016-09-19,2016-09-19,2,7
817,301,4,2017-04-04,2017-04-05,2017-04-07,2,7
940,585,4,2017-06-12,2017-06-14,2017-06-13,1,2
961,82,4,2017-06-19,2017-06-21,2017-06-22,1,2
1002,1418,4,2017-07-14,2017-07-16,2017-07-16,1,3
1322,39,4,2017-12-31,2018-01-03,2018-01-02,2,7
1389,491,4,2018-02-11,2018-02-12,2018-02-14,2,7
1418,364,4,2018-03-04,2018-03-05,2018-03-07,2,6
390,576,4,2016-08-22,2016-08-24,2016-08-25,3,9
408,1071,4,2016-09-01,2016-09-02,2016-09-02,1,2
481,481,4,2016-10-04,2016-10-07,2016-10-06,3,9
613,1159,4,2016-12-17,2016-12-19,2016-12-19,2,7
839,1332,4,2017-04-15,2017-04-18,2017-04-16,1,3
1215,807,4,2017-10-28,2017-10-31,2017-10-30,2,7
1407,18,3,2018-02-26,2018-02-26,NULL,2,6
24,636,4,2016-01-18,2016-01-20,2016-01-19,2,7
375,536,4,2016-08-17,2016-08-20,2016-08-20,2,7
540,1429,4,2016-11-03,2016-11-05,2016-11-06,1,3
654,1129,4,2017-01-14,2017-01-15,2017-01-17,2,7
742,433,4,2017-02-28,2017-03-01,2017-03-01,3,9
767,564,4,2017-03-09,2017-03-10,2017-03-11,2,7
841,428,4,2017-04-15,2017-04-18,2017-04-17,2,7
900,971,4,2017-05-20,2017-05-21,2017-05-22,2,6
901,345,4,2017-05-21,2017-05-22,2017-05-24,2,7
1309,821,4,2017-12-22,2017-12-25,2017-12-24,2,6
1431,308,4,2018-03-11,2018-03-12,2018-03-14,2,6
477,449,4,2016-10-02,2016-10-05,2016-10-04,1,2
1081,1106,4,2017-08-19,2017-08-22,2017-08-22,2,6
1485,51,2,2018-04-02,2018-04-02,NULL,2,7
1507,85,2,2018-04-08,2018-04-08,NULL,2,6
112,469,4,2016-03-08,2016-03-11,2016-03-10,2,6
707,79,4,2017-02-09,2017-02-11,2017-02-11,2,7
1363,860,4,2018-01-24,2018-01-25,2018-01-25,2,6
1413,56,4,2018-03-01,2018-03-03,2018-03-04,3,8
1513,32,2,2018-04-10,2018-04-10,NULL,1,2
1525,38,2,2018-04-12,2018-04-12,NULL,2,7
342,806,4,2016-07-31,2016-08-01,2016-08-03,2,7
496,193,4,2016-10-10,2016-10-12,2016-10-11,2,6
605,1208,4,2016-12-10,2016-12-11,2016-12-12,2,6
984,1287,4,2017-06-27,2017-06-28,2017-06-29,2,7
1132,351,4,2017-09-19,2017-09-20,2017-09-20,2,6
1402,1171,4,2018-02-19,2018-02-21,2018-02-21,2,6
1527,13,2,2018-04-12,2018-04-12,NULL,3,9
1588,11,1,2018-04-26,2018-04-26,NULL,2,6
9,60,4,2016-01-05,2016-01-08,2016-01-08,1,2
163,1325,4,2016-04-06,2016-04-07,2016-04-07,2,7
416,1377,4,2016-09-03,2016-09-04,2016-09-06,2,7
844,1436,4,2017-04-16,2017-04-17,2017-04-18,2,6
871,358,4,2017-05-02,2017-05-04,2017-05-03,2,7
874,661,4,2017-05-04,2017-05-05,2017-05-06,2,7
1432,483,4,2018-03-11,2018-03-12,2018-03-14,2,6
62,208,4,2016-02-07,2016-02-10,2016-02-10,1,2
80,397,4,2016-02-17,2016-02-20,2016-02-19,2,6
105,306,4,2016-03-03,2016-03-05,2016-03-04,2,7
326,1337,4,2016-07-20,2016-07-21,2016-07-22,3,9
381,1297,4,2016-08-19,2016-08-21,2016-08-21,2,7
924,68,3,2017-06-02,2017-06-02,NULL,3,8
1027,588,4,2017-07-26,2017-07-28,2017-07-28,2,6
1041,70,4,2017-08-04,2017-08-06,2017-08-05,2,7
1182,1422,4,2017-10-13,2017-10-14,2017-10-16,2,7
1419,474,4,2018-03-04,2018-03-07,2018-03-07,2,6
1457,1411,4,2018-03-20,2018-03-23,2018-03-23,2,6
1512,68,1,2018-04-09,2018-04-09,NULL,3,9
1526,59,2,2018-04-12,2018-04-12,NULL,2,7
400,1295,4,2016-08-29,2016-08-30,2016-08-31,2,6
527,506,4,2016-10-27,2016-10-29,2016-10-28,1,2
1074,11,3,2017-08-19,2017-08-19,NULL,2,6
1347,247,4,2018-01-15,2018-01-18,2018-01-18,1,2
65,996,4,2016-02-08,2016-02-09,2016-02-11,2,6
226,501,4,2016-05-17,2016-05-19,2016-05-20,1,2
339,1110,4,2016-07-28,2016-07-31,2016-07-29,2,7
440,882,4,2016-09-17,2016-09-18,2016-09-19,2,7
914,1068,4,2017-05-28,2017-05-31,2017-05-31,1,2
946,525,4,2017-06-14,2017-06-16,2017-06-15,2,6
998,219,4,2017-07-12,2017-07-13,2017-07-14,2,7
70,50,3,2016-02-11,2016-02-11,NULL,3,9
186,1127,4,2016-04-21,2016-04-22,2016-04-24,2,6
695,606,4,2017-02-05,2017-02-08,2017-02-07,2,7
1020,16,3,2017-07-23,2017-07-23,NULL,2,6
1040,1225,4,2017-08-04,2017-08-07,2017-08-05,1,2
1068,453,4,2017-08-17,2017-08-20,2017-08-19,2,7
1219,840,4,2017-10-30,2017-11-02,2017-11-02,2,7
1270,1388,4,2017-11-26,2017-11-29,2017-11-29,2,6
1607,33,3,2018-07-11,2018-07-11,NULL,1,2
100,1237,4,2016-03-01,2016-03-04,2016-03-03,2,7
224,157,4,2016-05-17,2016-05-18,2016-05-19,1,3
258,107,4,2016-06-06,2016-06-07,2016-06-07,2,7
507,1378,4,2016-10-15,2016-10-17,2016-10-17,1,3
544,321,4,2016-11-06,2016-11-07,2016-11-08,2,7
563,365,4,2016-11-20,2016-11-22,2016-11-21,2,6
711,1246,4,2017-02-13,2017-02-16,2017-02-14,2,6
865,974,4,2017-04-29,2017-05-02,2017-05-01,2,6
1103,1394,4,2017-08-31,2017-09-02,2017-09-02,2,7
1330,761,4,2018-01-04,2018-01-05,2018-01-07,2,7
1460,1131,4,2018-03-21,2018-03-23,2018-03-23,2,7
61,277,4,2016-02-06,2016-02-09,2016-02-09,2,7
207,105,4,2016-05-05,2016-05-07,2016-05-07,2,7
272,497,4,2016-06-15,2016-06-18,2016-06-16,2,7
301,17,4,2016-07-06,2016-07-09,2016-07-08,2,6
343,961,4,2016-07-31,2016-08-02,2016-08-01,2,7
366,1054,4,2016-08-13,2016-08-14,2016-08-14,3,9
827,666,4,2017-04-07,2017-04-10,2017-04-10,2,7
1012,620,4,2017-07-18,2017-07-20,2017-07-20,2,7
1059,6,4,2017-08-14,2017-08-17,2017-08-17,2,7
1315,931,4,2017-12-25,2017-12-27,2017-12-28,3,9
1383,488,4,2018-02-07,2018-02-08,2018-02-08,1,3
1467,152,4,2018-03-26,2018-03-27,2018-03-29,2,7
1469,1135,4,2018-03-27,2018-03-28,2018-03-30,3,8
1535,19,2,2018-04-14,2018-04-14,NULL,2,7
1580,191,2,2018-04-24,2018-04-24,NULL,1,2
16,552,4,2016-01-12,2016-01-15,2016-01-15,1,3
432,169,4,2016-09-12,2016-09-15,2016-09-14,1,2
465,1198,4,2016-09-28,2016-10-01,2016-10-01,2,6
503,932,4,2016-10-13,2016-10-16,2016-10-14,2,6
683,741,4,2017-01-29,2017-01-31,2017-02-01,2,6
740,1113,4,2017-02-28,2017-03-01,2017-03-02,2,6
803,1105,4,2017-03-28,2017-03-31,2017-03-30,3,8
293,573,4,2016-06-30,2016-07-03,2016-07-02,2,7
877,784,4,2017-05-06,2017-05-07,2017-05-08,2,6
1197,269,4,2017-10-21,2017-10-23,2017-10-23,2,6
1288,778,4,2017-12-07,2017-12-10,2017-12-09,3,9
1480,27,2,2018-04-01,2018-04-01,NULL,2,7
1604,7,3,2018-06-17,2018-06-17,NULL,2,7
350,31,3,2016-08-03,2016-08-03,NULL,1,3
403,578,4,2016-08-31,2016-09-01,2016-09-02,1,3
533,1334,4,2016-10-29,2016-11-01,2016-11-01,2,6
778,56,3,2017-03-15,2017-03-15,NULL,3,9
854,177,4,2017-04-22,2017-04-25,2017-04-23,2,6
855,775,4,2017-04-22,2017-04-23,2017-04-25,2,6
1246,1329,4,2017-11-13,2017-11-16,2017-11-16,2,7
1339,580,4,2018-01-11,2018-01-14,2018-01-13,1,3
1412,1043,4,2018-03-01,2018-03-02,2018-03-04,2,7
53,965,4,2016-02-03,2016-02-04,2016-02-05,2,6
83,393,4,2016-02-19,2016-02-20,2016-02-20,1,3
355,1011,4,2016-08-03,2016-08-05,2016-08-05,3,8
632,163,4,2016-12-27,2016-12-29,2016-12-29,2,7
729,897,4,2017-02-20,2017-02-22,2017-02-21,2,7
950,142,4,2017-06-16,2017-06-19,2017-06-18,2,6
955,880,4,2017-06-17,2017-06-19,2017-06-18,2,6
1000,645,4,2017-07-12,2017-07-14,2017-07-15,2,7
1455,405,4,2018-03-20,2018-03-22,2018-03-21,2,6
1564,46,1,2018-04-21,2018-04-21,NULL,1,3
768,841,4,2017-03-09,2017-03-12,2017-03-10,2,7
181,459,4,2016-04-18,2016-04-20,2016-04-20,1,3
191,919,4,2016-04-27,2016-04-28,2016-04-28,1,2
470,641,4,2016-09-30,2016-10-02,2016-10-02,1,3
525,1315,4,2016-10-26,2016-10-28,2016-10-29,1,3
692,2,3,2017-02-05,2017-02-05,NULL,1,3
945,167,4,2017-06-14,2017-06-15,2017-06-16,2,7
976,1266,4,2017-06-25,2017-06-28,2017-06-27,3,9
1015,799,4,2017-07-19,2017-07-22,2017-07-21,2,7
1088,1160,4,2017-08-22,2017-08-23,2017-08-23,3,8
1140,1063,4,2017-09-21,2017-09-22,2017-09-22,3,8
1216,886,4,2017-10-28,2017-10-30,2017-10-29,2,7
1541,10,2,2018-04-16,2018-04-16,NULL,2,7
54,535,4,2016-02-04,2016-02-07,2016-02-07,2,7
356,1189,4,2016-08-04,2016-08-07,2016-08-06,2,6
494,875,4,2016-10-09,2016-10-10,2016-10-11,2,6
851,1139,4,2017-04-20,2017-04-21,2017-04-22,2,6
907,120,4,2017-05-24,2017-05-26,2017-05-27,1,2
1307,1384,4,2017-12-22,2017-12-23,2017-12-25,1,2
1327,1026,4,2018-01-02,2018-01-03,2018-01-05,2,6
1464,1279,4,2018-03-24,2018-03-25,2018-03-25,2,7
1546,91,2,2018-04-17,2018-04-17,NULL,1,3
410,1151,4,2016-09-01,2016-09-03,2016-09-02,2,6
464,74,4,2016-09-28,2016-09-30,2016-09-29,2,7
574,833,4,2016-11-26,2016-11-27,2016-11-29,2,7
816,811,4,2017-04-03,2017-04-05,2017-04-05,2,6
1353,502,4,2018-01-17,2018-01-19,2018-01-18,2,6
1368,765,4,2018-01-27,2018-01-28,2018-01-29,2,6
1465,623,4,2018-03-25,2018-03-28,2018-03-28,2,7
1478,392,4,2018-03-31,2018-04-02,2018-04-02,2,6
1505,22,1,2018-04-08,2018-04-08,NULL,2,7
266,933,4,2016-06-10,2016-06-13,2016-06-13,2,7
575,33,4,2016-11-27,2016-11-28,2016-11-30,1,3
791,432,4,2017-03-20,2017-03-22,2017-03-23,2,6
1486,84,2,2018-04-02,2018-04-02,NULL,2,7
259,413,4,2016-06-06,2016-06-09,2016-06-09,2,7
283,181,4,2016-06-23,2016-06-26,2016-06-26,1,2
374,1313,4,2016-08-17,2016-08-19,2016-08-18,1,2
733,832,4,2017-02-26,2017-03-01,2017-02-27,2,7
857,1402,4,2017-04-24,2017-04-25,2017-04-26,2,7
1250,1188,4,2017-11-17,2017-11-19,2017-11-18,2,6
1331,1122,4,2018-01-05,2018-01-06,2018-01-08,2,6
1343,594,4,2018-01-13,2018-01-15,2018-01-14,2,6
1614,135,3,2018-11-28,2018-11-28,NULL,3,8
19,696,4,2016-01-14,2016-01-17,2016-01-16,1,2
76,9,3,2016-02-16,2016-02-16,NULL,2,6
358,1042,4,2016-08-05,2016-08-07,2016-08-07,2,7
506,831,4,2016-10-14,2016-10-16,2016-10-16,2,6
724,864,4,2017-02-19,2017-02-22,2017-02-21,2,6
836,455,4,2017-04-13,2017-04-16,2017-04-14,2,6
879,214,4,2017-05-08,2017-05-09,2017-05-09,2,7
1028,1273,4,2017-07-27,2017-07-28,2017-07-30,2,7
1066,106,4,2017-08-17,2017-08-20,2017-08-19,2,7
1113,388,4,2017-09-06,2017-09-08,2017-09-07,2,7
1280,123,4,2017-12-01,2017-12-03,2017-12-03,3,9
1293,1401,4,2017-12-10,2017-12-12,2017-12-11,2,7
1,259,4,2016-01-01,2016-01-03,2016-01-03,1,2
811,524,4,2017-04-01,2017-04-04,2017-04-04,2,7
898,352,4,2017-05-20,2017-05-21,2017-05-22,2,6
1601,43,1,2018-04-29,2018-04-29,NULL,3,8
79,529,4,2016-02-17,2016-02-20,2016-02-20,1,3
394,522,4,2016-08-26,2016-08-28,2016-08-29,1,3
560,1405,4,2016-11-18,2016-11-19,2016-11-21,2,6
756,1143,4,2017-03-06,2017-03-07,2017-03-09,2,6
899,605,4,2017-05-20,2017-05-21,2017-05-21,2,7
1058,782,4,2017-08-13,2017-08-16,2017-08-14,2,6
1220,803,4,2017-10-31,2017-11-03,2017-11-03,2,6
1317,418,4,2017-12-27,2017-12-28,2017-12-29,1,3
1542,58,2,2018-04-16,2018-04-16,NULL,2,6
135,1354,4,2016-03-21,2016-03-23,2016-03-23,2,7
351,1307,4,2016-08-03,2016-08-06,2016-08-04,1,2
590,990,4,2016-12-06,2016-12-09,2016-12-07,2,7
644,439,4,2017-01-08,2017-01-11,2017-01-10,2,6
702,1352,4,2017-02-08,2017-02-09,2017-02-11,1,3
1147,1344,4,2017-09-25,2017-09-26,2017-09-27,2,6
1200,48,4,2017-10-23,2017-10-25,2017-10-26,2,6
15,450,4,2016-01-09,2016-01-10,2016-01-12,2,7
44,861,4,2016-01-28,2016-01-31,2016-01-30,2,7
212,1373,4,2016-05-08,2016-05-09,2016-05-11,2,6
220,1358,4,2016-05-12,2016-05-14,2016-05-15,2,6
1372,1013,4,2018-01-29,2018-02-01,2018-01-30,2,6
1521,53,1,2018-04-12,2018-04-12,NULL,1,3
63,1075,4,2016-02-07,2016-02-09,2016-02-09,2,7
90,414,4,2016-02-23,2016-02-25,2016-02-24,2,7
277,546,4,2016-06-19,2016-06-20,2016-06-20,2,7
999,590,4,2017-07-12,2017-07-13,2017-07-14,2,6
1037,1229,4,2017-07-31,2017-08-02,2017-08-03,2,6
1337,970,4,2018-01-09,2018-01-12,2018-01-12,2,7
1366,1441,4,2018-01-26,2018-01-27,2018-01-28,2,6
30,1348,4,2016-01-20,2016-01-21,2016-01-21,2,6
99,1165,4,2016-02-29,2016-03-01,2016-03-03,3,9
149,763,4,2016-03-28,2016-03-30,2016-03-29,2,6
222,51,4,2016-05-13,2016-05-16,2016-05-14,2,6
289,849,4,2016-06-27,2016-06-28,2016-06-30,2,6
298,885,4,2016-07-04,2016-07-07,2016-07-07,3,9
504,1381,4,2016-10-14,2016-10-15,2016-10-15,1,2
530,773,4,2016-10-28,2016-10-31,2016-10-31,2,6
565,894,4,2016-11-21,2016-11-22,2016-11-22,2,7
902,1278,4,2017-05-21,2017-05-24,2017-05-22,2,6
1217,1155,4,2017-10-28,2017-10-31,2017-10-30,2,7
1397,920,4,2018-02-15,2018-02-17,2018-02-16,2,6
1506,75,1,2018-04-08,2018-04-08,NULL,2,7
1585,157,1,2018-04-26,2018-04-26,NULL,1,3
45,1220,4,2016-01-28,2016-01-31,2016-01-31,2,7
591,1211,4,2016-12-06,2016-12-09,2016-12-09,2,7
615,560,4,2016-12-19,2016-12-22,2016-12-21,3,9
969,248,4,2017-06-21,2017-06-24,2017-06-22,3,9
1031,1308,4,2017-07-30,2017-08-01,2017-08-02,1,2
1364,122,4,2018-01-25,2018-01-28,2018-01-28,2,6
1458,1029,4,2018-03-20,2018-03-22,2018-03-21,3,8
492,191,4,2016-10-09,2016-10-10,2016-10-12,1,2
573,423,4,2016-11-24,2016-11-26,2016-11-27,2,6
960,1390,4,2017-06-18,2017-06-19,2017-06-19,2,7
978,1123,4,2017-06-26,2017-06-28,2017-06-27,2,6
1405,100,4,2018-02-25,2018-02-28,2018-02-27,2,6
55,1173,4,2016-02-04,2016-02-07,2016-02-06,2,6
529,753,4,2016-10-28,2016-10-30,2016-10-31,2,7
669,745,4,2017-01-23,2017-01-24,2017-01-26,2,7
802,340,4,2017-03-28,2017-03-29,2017-03-30,2,6
1075,1003,4,2017-08-19,2017-08-21,2017-08-22,1,3
1077,412,4,2017-08-19,2017-08-20,2017-08-21,2,6
1316,846,4,2017-12-26,2017-12-29,2017-12-27,1,3
1547,169,1,2018-04-17,2018-04-17,NULL,1,3
1553,30,2,2018-04-18,2018-04-18,NULL,1,3
271,350,4,2016-06-13,2016-06-16,2016-06-14,2,7
300,1205,4,2016-07-05,2016-07-08,2016-07-08,2,6
344,750,4,2016-08-01,2016-08-03,2016-08-02,2,6
537,1353,4,2016-10-31,2016-11-01,2016-11-03,1,2
1260,1117,4,2017-11-22,2017-11-23,2017-11-24,2,6
1269,1236,4,2017-11-26,2017-11-29,2017-11-29,2,6
157,43,4,2016-04-03,2016-04-06,2016-04-06,3,8
190,98,4,2016-04-23,2016-04-25,2016-04-25,2,6
389,53,4,2016-08-22,2016-08-24,2016-08-25,1,3
847,329,4,2017-04-18,2017-04-19,2017-04-19,2,7
887,1195,4,2017-05-13,2017-05-15,2017-05-15,2,6
1011,495,4,2017-07-18,2017-07-21,2017-07-21,1,3
1452,287,4,2018-03-20,2018-03-23,2018-03-23,1,3
1499,120,2,2018-04-06,2018-04-06,NULL,1,2
1596,21,2,2018-04-28,2018-04-28,NULL,3,8
38,583,4,2016-01-25,2016-01-27,2016-01-26,2,7
131,316,4,2016-03-19,2016-03-22,2016-03-20,3,8
345,1299,4,2016-08-01,2016-08-04,2016-08-03,2,6
399,1001,4,2016-08-29,2016-09-01,2016-09-01,2,7
583,792,4,2016-12-04,2016-12-05,2016-12-07,2,7
730,500,4,2017-02-21,2017-02-24,2017-02-22,2,6
808,315,4,2017-03-31,2017-04-02,2017-04-02,2,6
903,179,4,2017-05-22,2017-05-23,2017-05-24,2,7
1045,185,4,2017-08-07,2017-08-09,2017-08-10,3,9
1108,735,4,2017-09-03,2017-09-05,2017-09-04,1,3
1442,478,4,2018-03-16,2018-03-17,2018-03-17,2,7
89,668,4,2016-02-21,2016-02-24,2016-02-24,3,8
125,685,4,2016-03-16,2016-03-19,2016-03-17,2,6
286,59,4,2016-06-25,2016-06-26,2016-06-26,2,6
445,362,4,2016-09-19,2016-09-22,2016-09-22,2,6
451,1146,4,2016-09-21,2016-09-23,2016-09-22,2,7
689,884,4,2017-02-02,2017-02-03,2017-02-05,2,7
882,196,4,2017-05-09,2017-05-12,2017-05-10,2,6
1297,108,4,2017-12-14,2017-12-17,2017-12-16,2,6
1403,452,4,2018-02-21,2018-02-22,2018-02-22,2,7
86,276,4,2016-02-21,2016-02-22,2016-02-23,2,7
414,917,4,2016-09-03,2016-09-06,2016-09-06,2,7
679,81,4,2017-01-29,2017-01-30,2017-01-30,1,3
819,221,4,2017-04-04,2017-04-07,2017-04-05,3,9
876,1046,4,2017-05-05,2017-05-08,2017-05-06,2,7
1005,266,4,2017-07-15,2017-07-17,2017-07-16,2,7
1054,189,4,2017-08-11,2017-08-12,2017-08-12,2,7
1134,978,4,2017-09-19,2017-09-22,2017-09-20,2,6
1138,254,4,2017-09-21,2017-09-23,2017-09-22,1,2
1161,41,4,2017-10-01,2017-10-04,2017-10-02,2,7
1244,333,4,2017-11-12,2017-11-14,2017-11-13,2,6
1296,231,4,2017-12-14,2017-12-17,2017-12-15,1,3
1498,81,1,2018-04-06,2018-04-06,NULL,1,2
347,1004,4,2016-08-02,2016-08-03,2016-08-05,2,6
449,492,4,2016-09-21,2016-09-24,2016-09-22,2,7
657,349,4,2017-01-17,2017-01-19,2017-01-20,1,2
821,1181,4,2017-04-05,2017-04-07,2017-04-08,2,7
1061,655,4,2017-08-15,2017-08-18,2017-08-18,2,7
1226,226,4,2017-11-04,2017-11-07,2017-11-06,2,7
1439,463,4,2018-03-15,2018-03-16,2018-03-17,2,7
1515,61,1,2018-04-10,2018-04-10,NULL,3,9
1555,1,1,2018-04-18,2018-04-18,NULL,2,7
148,714,4,2016-03-28,2016-03-30,2016-03-30,2,6
254,510,4,2016-06-03,2016-06-06,2016-06-05,2,7
466,1440,4,2016-09-28,2016-09-29,2016-10-01,2,7
473,549,4,2016-09-30,2016-10-02,2016-10-03,2,7
488,921,4,2016-10-06,2016-10-09,2016-10-08,2,6
578,819,4,2016-11-27,2016-11-28,2016-11-29,2,7
746,391,4,2017-03-02,2017-03-04,2017-03-05,1,3
814,629,4,2017-04-02,2017-04-05,2017-04-03,2,7
1299,1216,4,2017-12-15,2017-12-18,2017-12-16,1,2
1335,955,4,2018-01-07,2018-01-08,2018-01-08,2,7
1462,1101,4,2018-03-22,2018-03-24,2018-03-24,2,6
1504,237,2,2018-04-08,2018-04-08,NULL,1,2
1550,39,1,2018-04-17,2018-04-17,NULL,2,6
471,697,4,2016-09-30,2016-10-02,2016-10-01,1,3
528,676,4,2016-10-28,2016-10-31,2016-10-31,2,7
637,512,4,2017-01-03,2017-01-05,2017-01-05,2,6
922,656,4,2017-05-31,2017-06-01,2017-06-03,2,6
974,511,4,2017-06-24,2017-06-27,2017-06-27,3,8
1019,408,4,2017-07-22,2017-07-23,2017-07-24,2,7
1356,1161,4,2018-01-19,2018-01-21,2018-01-22,2,6
1603,74,2,2018-04-30,2018-04-30,NULL,2,6
340,963,4,2016-07-29,2016-07-30,2016-07-31,2,7
934,93,4,2017-06-09,2017-06-10,2017-06-12,2,7
1076,42,4,2017-08-19,2017-08-22,2017-08-22,2,6
1144,1414,4,2017-09-24,2017-09-27,2017-09-27,2,7
1310,444,4,2017-12-24,2017-12-25,2017-12-26,1,3
1358,253,4,2018-01-21,2018-01-23,2018-01-24,1,2
1378,983,4,2018-02-02,2018-02-05,2018-02-04,1,2
732,147,4,2017-02-26,2017-02-27,2017-03-01,2,7
775,968,4,2017-03-12,2017-03-13,2017-03-13,2,6
1085,305,4,2017-08-21,2017-08-23,2017-08-23,1,3
1395,1052,4,2018-02-15,2018-02-18,2018-02-16,1,3
1558,63,1,2018-04-19,2018-04-19,NULL,2,6
59,563,4,2016-02-05,2016-02-07,2016-02-06,2,7
98,1194,4,2016-02-28,2016-02-29,2016-02-29,2,6
211,1140,4,2016-05-07,2016-05-09,2016-05-08,2,6
228,615,4,2016-05-17,2016-05-20,2016-05-20,2,7
295,1130,4,2016-07-01,2016-07-04,2016-07-04,2,7
723,845,4,2017-02-19,2017-02-21,2017-02-22,2,6
886,1396,4,2017-05-13,2017-05-14,2017-05-15,1,2
1036,1442,4,2017-07-30,2017-08-01,2017-07-31,2,6
1070,596,4,2017-08-17,2017-08-20,2017-08-18,2,7
1298,533,4,2017-12-14,2017-12-17,2017-12-16,3,9
1414,293,4,2018-03-03,2018-03-05,2018-03-06,2,7
1488,181,2,2018-04-03,2018-04-03,NULL,1,3
159,32,4,2016-04-04,2016-04-06,2016-04-06,1,2
252,66,4,2016-06-01,2016-06-04,2016-06-02,3,8
278,1301,4,2016-06-20,2016-06-23,2016-06-21,1,3
321,568,4,2016-07-19,2016-07-22,2016-07-21,2,6
404,396,4,2016-08-31,2016-09-03,2016-09-01,2,7
883,507,4,2017-05-11,2017-05-13,2017-05-14,2,6
1349,464,4,2018-01-15,2018-01-17,2018-01-16,2,6
1574,124,1,2018-04-23,2018-04-23,NULL,1,2
257,1314,4,2016-06-05,2016-06-06,2016-06-08,1,3
433,1062,4,2016-09-12,2016-09-15,2016-09-13,2,6
474,553,4,2016-10-01,2016-10-04,2016-10-04,1,3
490,876,4,2016-10-07,2016-10-10,2016-10-09,2,6
1033,582,4,2017-07-30,2017-07-31,2017-08-02,2,7
1087,675,4,2017-08-22,2017-08-23,2017-08-25,3,8
1233,462,4,2017-11-06,2017-11-07,2017-11-08,2,6
1257,1136,4,2017-11-19,2017-11-22,2017-11-20,2,7
1493,64,2,2018-04-04,2018-04-04,NULL,3,8
46,746,4,2016-01-29,2016-01-31,2016-01-31,2,7
238,1350,4,2016-05-26,2016-05-29,2016-05-29,2,6
518,1374,4,2016-10-22,2016-10-24,2016-10-25,1,2
797,374,4,2017-03-24,2017-03-26,2017-03-26,2,7
823,415,4,2017-04-06,2017-04-07,2017-04-08,3,8
853,883,4,2017-04-21,2017-04-24,2017-04-24,3,8
962,570,4,2017-06-19,2017-06-22,2017-06-20,2,7
985,461,4,2017-06-30,2017-07-02,2017-07-01,2,6
1189,1090,4,2017-10-15,2017-10-17,2017-10-18,2,6
1221,1290,4,2017-10-31,2017-11-02,2017-11-01,2,7
1290,967,4,2017-12-08,2017-12-10,2017-12-10,2,6
1461,139,4,2018-03-22,2018-03-25,2018-03-23,2,6
1584,109,2,2018-04-26,2018-04-26,NULL,1,3
121,755,4,2016-03-14,2016-03-15,2016-03-16,2,6
297,1425,4,2016-07-04,2016-07-05,2016-07-06,2,7
455,1055,4,2016-09-23,2016-09-24,2016-09-24,2,7
547,20,4,2016-11-09,2016-11-11,2016-11-10,3,8
875,386,4,2017-05-05,2017-05-06,2017-05-08,1,3
1038,1281,4,2017-07-31,2017-08-01,2017-08-03,2,7
1332,256,4,2018-01-06,2018-01-07,2018-01-09,2,7
320,1428,4,2016-07-19,2016-07-20,2016-07-21,1,2
672,908,4,2017-01-26,2017-01-29,2017-01-29,2,6
757,1336,4,2017-03-06,2017-03-08,2017-03-09,2,7
904,1020,4,2017-05-23,2017-05-26,2017-05-24,1,2
1079,812,4,2017-08-19,2017-08-20,2017-08-20,2,7
1234,19,3,2017-11-07,2017-11-07,NULL,2,6
48,1012,4,2016-01-30,2016-02-01,2016-02-02,2,7
248,1376,4,2016-05-30,2016-06-01,2016-05-31,2,7
1319,604,4,2017-12-27,2017-12-30,2017-12-30,2,6
1441,982,4,2018-03-15,2018-03-16,2018-03-18,3,8
1492,41,1,2018-04-04,2018-04-04,NULL,2,7
1590,138,1,2018-04-27,2018-04-27,NULL,1,3
1597,56,1,2018-04-28,2018-04-28,NULL,3,9
82,1223,4,2016-02-18,2016-02-21,2016-02-20,2,6
175,951,4,2016-04-13,2016-04-14,2016-04-14,2,6
548,739,4,2016-11-11,2016-11-13,2016-11-13,2,7
697,562,4,2017-02-06,2017-02-08,2017-02-09,1,2
698,543,4,2017-02-06,2017-02-08,2017-02-09,3,8
713,207,4,2017-02-13,2017-02-14,2017-02-15,3,8
928,957,4,2017-06-05,2017-06-06,2017-06-06,1,3
1263,1408,4,2017-11-23,2017-11-26,2017-11-26,2,6
12,91,4,2016-01-06,2016-01-08,2016-01-09,1,2
124,403,4,2016-03-16,2016-03-18,2016-03-17,1,3
331,642,4,2016-07-24,2016-07-26,2016-07-25,2,6
498,1331,4,2016-10-10,2016-10-12,2016-10-11,2,6
822,294,4,2017-04-06,2017-04-08,2017-04-09,2,7
933,909,4,2017-06-07,2017-06-10,2017-06-08,2,6
973,238,4,2017-06-24,2017-06-27,2017-06-27,2,6
990,706,4,2017-07-04,2017-07-07,2017-07-07,2,7
1508,92,2,2018-04-08,2018-04-08,NULL,2,6
31,1238,4,2016-01-20,2016-01-22,2016-01-22,3,8
183,22,4,2016-04-19,2016-04-20,2016-04-20,2,7
582,32,3,2016-12-04,2016-12-04,NULL,1,2
614,654,4,2016-12-18,2016-12-21,2016-12-21,1,2
1308,713,4,2017-12-22,2017-12-24,2017-12-24,2,7
1573,24,2,2018-04-23,2018-04-23,NULL,1,2
32,1259,4,2016-01-21,2016-01-24,2016-01-22,1,3
580,581,4,2016-11-30,2016-12-02,2016-12-02,1,3
738,124,4,2017-02-28,2017-03-01,2017-03-03,1,2
741,119,4,2017-02-28,2017-03-01,2017-03-01,3,8
1539,116,1,2018-04-15,2018-04-15,NULL,3,9
240,65,4,2016-05-27,2016-05-29,2016-05-30,2,6
267,282,4,2016-06-11,2016-06-14,2016-06-14,1,3
284,1356,4,2016-06-23,2016-06-25,2016-06-25,2,7
1184,369,4,2017-10-14,2017-10-15,2017-10-16,2,6
385,1274,4,2016-08-20,2016-08-23,2016-08-22,2,7
412,1202,4,2016-09-02,2016-09-04,2016-09-04,1,3
772,448,4,2017-03-11,2017-03-12,2017-03-13,2,7
781,1018,4,2017-03-15,2017-03-16,2017-03-17,2,6
869,844,4,2017-05-01,2017-05-04,2017-05-02,2,7
1129,663,4,2017-09-17,2017-09-18,2017-09-20,2,6
558,1443,4,2016-11-15,2016-11-16,2016-11-17,2,7
759,284,4,2017-03-07,2017-03-09,2017-03-08,2,7
842,1133,4,2017-04-15,2017-04-18,2017-04-16,2,6
849,776,4,2017-04-19,2017-04-20,2017-04-21,1,2
970,836,4,2017-06-22,2017-06-25,2017-06-23,2,7
991,751,4,2017-07-06,2017-07-07,2017-07-09,1,2
1025,1304,4,2017-07-23,2017-07-26,2017-07-26,2,6
1336,904,4,2018-01-09,2018-01-10,2018-01-12,1,2
1404,1240,4,2018-02-23,2018-02-26,2018-02-24,1,3
508,1359,4,2016-10-15,2016-10-18,2016-10-18,2,6
716,672,4,2017-02-15,2017-02-17,2017-02-18,2,6
982,1423,4,2017-06-26,2017-06-29,2017-06-28,3,9
1101,379,4,2017-08-29,2017-08-30,2017-08-30,2,7
1112,798,4,2017-09-05,2017-09-08,2017-09-07,2,7
1615,136,3,2018-12-28,2018-12-28,NULL,3,8
205,635,4,2016-05-04,2016-05-05,2016-05-06,2,6
450,575,4,2016-09-21,2016-09-24,2016-09-23,2,7
1050,239,4,2017-08-09,2017-08-12,2017-08-12,1,3
1228,1041,4,2017-11-04,2017-11-06,2017-11-06,2,6
118,577,4,2016-03-12,2016-03-14,2016-03-13,1,2
119,925,4,2016-03-12,2016-03-14,2016-03-14,2,7
232,1360,4,2016-05-20,2016-05-23,2016-05-23,1,3
336,1030,4,2016-07-26,2016-07-29,2016-07-27,2,7
428,1039,4,2016-09-09,2016-09-12,2016-09-10,2,6
676,790,4,2017-01-28,2017-01-30,2017-01-31,2,7
770,135,4,2017-03-09,2017-03-11,2017-03-11,3,9
840,372,4,2017-04-15,2017-04-16,2017-04-16,2,6
986,556,4,2017-06-30,2017-07-03,2017-07-01,2,7
1155,865,4,2017-09-30,2017-10-01,2017-10-01,2,7
1164,1067,4,2017-10-01,2017-10-02,2017-10-03,2,6
42,1095,4,2016-01-27,2016-01-28,2016-01-30,2,7
199,760,4,2016-05-01,2016-05-04,2016-05-04,2,7
270,879,4,2016-06-12,2016-06-15,2016-06-13,2,7
346,584,4,2016-08-01,2016-08-03,2016-08-02,3,9
398,447,4,2016-08-29,2016-08-30,2016-09-01,1,2
453,1028,4,2016-09-22,2016-09-24,2016-09-25,2,7
611,1073,4,2016-12-15,2016-12-17,2016-12-18,2,7
625,1163,4,2016-12-25,2016-12-28,2016-12-26,1,2
647,283,4,2017-01-09,2017-01-10,2017-01-11,2,7
668,297,4,2017-01-22,2017-01-23,2017-01-24,3,8
722,1399,4,2017-02-18,2017-02-20,2017-02-21,2,7
804,95,4,2017-03-29,2017-03-31,2017-03-30,2,6
818,1319,4,2017-04-04,2017-04-07,2017-04-07,2,6
824,993,4,2017-04-07,2017-04-09,2017-04-10,1,2
1003,503,4,2017-07-14,2017-07-16,2017-07-16,2,7
1192,1114,4,2017-10-17,2017-10-19,2017-10-18,2,6
1563,77,2,2018-04-20,2018-04-20,NULL,3,9
1578,93,2,2018-04-23,2018-04-23,NULL,2,7
1595,71,2,2018-04-28,2018-04-28,NULL,2,7
235,649,4,2016-05-24,2016-05-25,2016-05-25,2,6
260,632,4,2016-06-06,2016-06-08,2016-06-08,2,6
261,1045,4,2016-06-08,2016-06-10,2016-06-09,1,2
387,451,4,2016-08-20,2016-08-21,2016-08-21,3,8
1115,1100,4,2017-09-07,2017-09-09,2017-09-09,2,6
11,1326,4,2016-01-05,2016-01-08,2016-01-07,2,7
318,1141,4,2016-07-17,2016-07-19,2016-07-20,2,7
459,874,4,2016-09-25,2016-09-28,2016-09-26,2,6
602,823,4,2016-12-09,2016-12-10,2016-12-11,2,6
720,382,4,2017-02-16,2017-02-19,2017-02-19,2,6
134,679,4,2016-03-20,2016-03-21,2016-03-21,2,7
210,943,4,2016-05-07,2016-05-08,2016-05-09,2,6
244,956,4,2016-05-28,2016-05-29,2016-05-29,2,6
352,16,4,2016-08-03,2016-08-04,2016-08-06,2,7
395,144,4,2016-08-26,2016-08-27,2016-08-29,2,6
701,850,4,2017-02-07,2017-02-08,2017-02-09,3,9
749,255,4,2017-03-04,2017-03-07,2017-03-05,2,7
988,436,4,2017-07-02,2017-07-04,2017-07-05,2,6
460,691,4,2016-09-25,2016-09-27,2016-09-26,3,8
912,519,4,2017-05-27,2017-05-29,2017-05-29,1,2
942,537,4,2017-06-13,2017-06-16,2017-06-15,2,6
1267,467,4,2017-11-25,2017-11-26,2017-11-26,2,6
1374,1330,4,2018-01-30,2018-02-01,2018-02-01,1,3
1471,1310,4,2018-03-28,2018-03-30,2018-03-29,2,7
1592,6,2,2018-04-27,2018-04-27,NULL,2,7
2,1212,4,2016-01-01,2016-01-04,2016-01-03,2,6
144,1124,4,2016-03-26,2016-03-29,2016-03-29,2,7
204,591,4,2016-05-04,2016-05-07,2016-05-06,2,7
549,64,3,2016-11-12,2016-11-12,NULL,3,9
750,232,4,2017-03-04,2017-03-07,2017-03-05,3,8
1032,429,4,2017-07-30,2017-08-02,2017-08-01,2,6
1148,1379,4,2017-09-25,2017-09-26,2017-09-27,2,7
1238,998,4,2017-11-09,2017-11-10,2017-11-11,2,6
1593,9,1,2018-04-27,2018-04-27,NULL,2,6
311,1400,4,2016-07-12,2016-07-14,2016-07-13,2,6
442,667,4,2016-09-18,2016-09-21,2016-09-21,2,7
454,988,4,2016-09-23,2016-09-25,2016-09-26,2,6
639,550,4,2017-01-06,2017-01-07,2017-01-07,2,6
671,922,4,2017-01-25,2017-01-28,2017-01-26,2,7
861,1177,4,2017-04-27,2017-04-29,2017-04-30,2,7
1007,1115,4,2017-07-16,2017-07-17,2017-07-17,2,6
1206,222,4,2017-10-26,2017-10-29,2017-10-29,2,6
1359,1008,4,2018-01-21,2018-01-22,2018-01-22,3,9
64,1185,4,2016-02-07,2016-02-08,2016-02-09,2,6
693,1233,4,2017-02-05,2017-02-07,2017-02-06,1,3
1610,15,3,2018-08-25,2018-08-25,NULL,2,7
117,740,4,2016-03-10,2016-03-13,2016-03-11,2,6
627,1119,4,2016-12-25,2016-12-26,2016-12-28,2,6
734,939,4,2017-02-26,2017-02-28,2017-03-01,3,9
1117,334,4,2017-09-08,2017-09-10,2017-09-10,2,6
1139,1006,4,2017-09-21,2017-09-22,2017-09-23,1,2
1237,571,4,2017-11-09,2017-11-12,2017-11-11,1,2
1501,52,1,2018-04-06,2018-04-06,NULL,2,6
1548,170,1,2018-04-17,2018-04-17,NULL,1,2
1549,17,1,2018-04-17,2018-04-17,NULL,2,7
364,373,4,2016-08-12,2016-08-14,2016-08-13,2,6
371,891,4,2016-08-15,2016-08-16,2016-08-18,2,7
423,1397,4,2016-09-06,2016-09-09,2016-09-09,2,7
638,1302,4,2017-01-04,2017-01-05,2017-01-06,2,7
675,291,4,2017-01-28,2017-01-31,2017-01-30,2,7
867,97,4,2017-05-01,2017-05-03,2017-05-02,1,3
1008,1345,4,2017-07-16,2017-07-18,2017-07-18,2,6
1090,1427,4,2017-08-24,2017-08-26,2017-08-26,1,2
1321,217,4,2017-12-30,2017-12-31,2017-12-31,1,3
1530,110,1,2018-04-13,2018-04-13,NULL,1,2
195,727,4,2016-04-28,2016-05-01,2016-05-01,2,7
458,197,4,2016-09-25,2016-09-28,2016-09-26,2,6
520,639,4,2016-10-23,2016-10-26,2016-10-24,2,7
721,625,4,2017-02-16,2017-02-19,2017-02-17,2,7
1091,1260,4,2017-08-24,2017-08-25,2017-08-25,2,7
1111,930,4,2017-09-04,2017-09-06,2017-09-05,2,6
1128,936,4,2017-09-15,2017-09-17,2017-09-16,2,6
1145,617,4,2017-09-25,2017-09-27,2017-09-26,2,6
1172,1339,4,2017-10-07,2017-10-10,2017-10-09,2,7
1392,1187,4,2018-02-13,2018-02-14,2018-02-14,2,6
1517,97,1,2018-04-11,2018-04-11,NULL,1,2
1534,18,2,2018-04-14,2018-04-14,NULL,2,7
87,516,4,2016-02-21,2016-02-22,2016-02-23,2,6
174,1361,4,2016-04-12,2016-04-13,2016-04-15,2,7
480,686,4,2016-10-04,2016-10-07,2016-10-05,1,3
521,664,4,2016-10-23,2016-10-25,2016-10-25,2,6
596,952,4,2016-12-08,2016-12-09,2016-12-09,1,3
760,1104,4,2017-03-07,2017-03-10,2017-03-10,2,6
830,431,4,2017-04-11,2017-04-14,2017-04-12,2,6
977,400,4,2017-06-26,2017-06-28,2017-06-27,2,7
1427,999,4,2018-03-07,2018-03-08,2018-03-08,2,6
1612,3,3,2018-10-21,2018-10-21,NULL,1,3
4,175,4,2016-01-03,2016-01-04,2016-01-05,1,3
201,280,4,2016-05-01,2016-05-04,2016-05-02,3,9
236,206,4,2016-05-25,2016-05-27,2016-05-26,2,6
646,975,4,2017-01-09,2017-01-12,2017-01-11,1,2
737,694,4,2017-02-27,2017-03-01,2017-02-28,2,6
800,1057,4,2017-03-27,2017-03-29,2017-03-28,2,6
858,162,4,2017-04-25,2017-04-27,2017-04-28,2,6
957,722,4,2017-06-17,2017-06-20,2017-06-20,3,9
1568,192,2,2018-04-21,2018-04-21,NULL,1,3
37,164,4,2016-01-25,2016-01-28,2016-01-26,2,6
656,949,4,2017-01-16,2017-01-17,2017-01-18,2,7
783,1343,4,2017-03-16,2017-03-19,2017-03-17,1,2
894,1320,4,2017-05-16,2017-05-19,2017-05-19,2,6
23,1149,4,2016-01-16,2016-01-19,2016-01-19,1,2
308,156,4,2016-07-11,2016-07-12,2016-07-14,2,6
322,924,4,2016-07-19,2016-07-22,2016-07-20,2,6
651,190,4,2017-01-11,2017-01-13,2017-01-13,2,7
1052,460,4,2017-08-10,2017-08-12,2017-08-13,2,6
1204,1277,4,2017-10-25,2017-10-28,2017-10-28,2,6
1320,244,4,2017-12-28,2017-12-30,2017-12-29,1,3
1500,151,2,2018-04-06,2018-04-06,NULL,1,3
291,158,4,2016-06-29,2016-06-30,2016-07-01,2,6
312,299,4,2016-07-13,2016-07-15,2016-07-16,2,6
335,1193,4,2016-07-25,2016-07-27,2016-07-26,2,6
439,149,4,2016-09-17,2016-09-20,2016-09-18,2,6
631,855,4,2016-12-27,2016-12-29,2016-12-29,1,3
1062,1210,4,2017-08-15,2017-08-17,2017-08-18,2,6
1591,165,2,2018-04-27,2018-04-27,NULL,1,2
145,366,4,2016-03-27,2016-03-29,2016-03-30,2,6
152,76,4,2016-03-29,2016-03-30,2016-03-30,2,6
249,145,4,2016-06-01,2016-06-04,2016-06-04,2,6
532,817,4,2016-10-29,2016-10-31,2016-10-30,2,7
545,1108,4,2016-11-08,2016-11-10,2016-11-09,3,9
603,1032,4,2016-12-09,2016-12-10,2016-12-10,2,7
1154,789,4,2017-09-30,2017-10-03,2017-10-03,2,7
1410,1005,4,2018-02-27,2018-02-28,2018-02-28,2,7
1417,300,4,2018-03-04,2018-03-06,2018-03-07,1,2
1450,296,4,2018-03-19,2018-03-20,2018-03-22,2,7
1532,7,2,2018-04-13,2018-04-13,NULL,2,7
1561,65,2,2018-04-20,2018-04-20,NULL,2,7
111,630,4,2016-03-07,2016-03-10,2016-03-10,2,6
315,1263,4,2016-07-16,2016-07-19,2016-07-17,2,6
562,942,4,2016-11-19,2016-11-20,2016-11-22,2,7
685,976,4,2017-01-31,2017-02-03,2017-02-02,2,7
1043,1235,4,2017-08-06,2017-08-09,2017-08-08,2,6
1300,824,4,2017-12-15,2017-12-17,2017-12-17,2,6
1559,42,2,2018-04-20,2018-04-20,NULL,2,6
1605,123,3,2018-07-01,2018-07-01,NULL,3,8
29,437,4,2016-01-20,2016-01-22,2016-01-21,2,6
94,929,4,2016-02-27,2016-02-28,2016-02-29,1,2
115,1369,4,2016-03-09,2016-03-11,2016-03-11,2,7
242,1168,4,2016-05-27,2016-05-30,2016-05-30,2,7
299,281,4,2016-07-05,2016-07-06,2016-07-07,2,6
517,613,4,2016-10-21,2016-10-22,2016-10-24,2,6
659,1391,4,2017-01-17,2017-01-19,2017-01-18,2,7
661,626,4,2017-01-18,2017-01-19,2017-01-20,2,6
774,690,4,2017-03-12,2017-03-14,2017-03-14,2,6
859,644,4,2017-04-25,2017-04-26,2017-04-26,2,6
1093,326,4,2017-08-25,2017-08-28,2017-08-26,1,3
1163,934,4,2017-10-01,2017-10-02,2017-10-02,2,6
1286,1033,4,2017-12-04,2017-12-07,2017-12-06,2,7
1292,285,4,2017-12-10,2017-12-13,2017-12-11,2,6
1376,1186,4,2018-02-01,2018-02-02,2018-02-03,1,2
478,304,4,2016-10-02,2016-10-05,2016-10-03,2,7
751,731,4,2017-03-05,2017-03-08,2017-03-07,1,3
997,485,4,2017-07-11,2017-07-13,2017-07-14,2,7
1065,25,4,2017-08-17,2017-08-19,2017-08-19,2,7
1208,1226,4,2017-10-26,2017-10-28,2017-10-27,2,7
1384,1126,4,2018-02-08,2018-02-10,2018-02-09,2,7
1454,395,4,2018-03-20,2018-03-21,2018-03-22,2,6
1482,94,1,2018-04-01,2018-04-01,NULL,2,7
1552,73,1,2018-04-17,2018-04-17,NULL,2,7
103,991,4,2016-03-03,2016-03-06,2016-03-05,1,2
897,47,4,2017-05-20,2017-05-21,2017-05-21,1,2
1304,1409,4,2017-12-16,2017-12-17,2017-12-17,2,6
1357,440,4,2018-01-20,2018-01-23,2018-01-21,2,6
1398,1383,4,2018-02-16,2018-02-19,2018-02-19,1,3
1466,738,4,2018-03-26,2018-03-29,2018-03-28,1,3
1554,172,1,2018-04-18,2018-04-18,NULL,1,3
39,1296,4,2016-01-25,2016-01-26,2016-01-26,2,7
268,540,4,2016-06-11,2016-06-14,2016-06-12,1,3
595,538,4,2016-12-08,2016-12-09,2016-12-11,1,2
743,137,4,2017-03-01,2017-03-04,2017-03-04,2,6
1266,387,4,2017-11-25,2017-11-28,2017-11-27,2,6
1305,257,4,2017-12-17,2017-12-19,2017-12-18,2,7
1409,21,4,2018-02-26,2018-02-28,2018-02-28,3,8
1538,79,2,2018-04-15,2018-04-15,NULL,2,6
60,151,4,2016-02-06,2016-02-08,2016-02-07,1,3
620,466,4,2016-12-22,2016-12-24,2016-12-24,2,6
923,769,4,2017-05-31,2017-06-03,2017-06-02,2,7
1022,353,4,2017-07-23,2017-07-26,2017-07-24,2,7
1116,52,4,2017-09-08,2017-09-10,2017-09-10,2,7
1133,517,4,2017-09-19,2017-09-21,2017-09-21,2,7
1167,900,4,2017-10-04,2017-10-07,2017-10-06,1,2
1179,1150,4,2017-10-12,2017-10-15,2017-10-15,3,9
1254,1098,4,2017-11-18,2017-11-19,2017-11-19,2,7
1495,86,2,2018-04-05,2018-04-05,NULL,2,7
77,385,4,2016-02-16,2016-02-19,2016-02-19,1,2
128,86,4,2016-03-18,2016-03-20,2016-03-21,2,6
153,498,4,2016-03-30,2016-04-02,2016-04-01,2,6
155,371,4,2016-04-02,2016-04-03,2016-04-04,2,6
587,487,4,2016-12-06,2016-12-08,2016-12-08,1,2
769,946,4,2017-03-09,2017-03-11,2017-03-11,2,6
1490,217,2,2018-04-03,2018-04-03,NULL,1,3
1522,78,1,2018-04-12,2018-04-12,NULL,1,3
158,117,3,2016-04-04,2016-04-04,NULL,3,9
185,24,3,2016-04-20,2016-04-20,NULL,1,2
304,230,4,2016-07-07,2016-07-08,2016-07-08,2,6
376,825,4,2016-08-17,2016-08-19,2016-08-18,2,6
556,61,4,2016-11-13,2016-11-14,2016-11-15,3,9
1474,816,4,2018-03-30,2018-04-01,2018-04-02,1,3
1594,45,1,2018-04-28,2018-04-28,NULL,2,7
184,134,4,2016-04-19,2016-04-21,2016-04-22,2,7
421,240,4,2016-09-05,2016-09-06,2016-09-08,1,3
443,1371,4,2016-09-18,2016-09-19,2016-09-20,2,6
864,902,4,2017-04-28,2017-04-30,2017-04-29,2,6
921,628,4,2017-05-31,2017-06-02,2017-06-02,2,6
1047,116,3,2017-08-08,2017-08-08,NULL,3,8
1232,665,4,2017-11-06,2017-11-07,2017-11-09,1,3
1386,1254,4,2018-02-09,2018-02-10,2018-02-11,1,2
34,80,4,2016-01-22,2016-01-25,2016-01-23,2,6
202,600,4,2016-05-03,2016-05-05,2016-05-04,1,2
584,1209,4,2016-12-04,2016-12-05,2016-12-05,2,7
617,118,4,2016-12-21,2016-12-23,2016-12-23,2,7
1536,34,2,2018-04-14,2018-04-14,NULL,2,7
413,717,4,2016-09-02,2016-09-05,2016-09-03,2,6
706,1271,4,2017-02-09,2017-02-12,2017-02-10,1,2
748,1072,4,2017-03-03,2017-03-05,2017-03-04,3,8
780,592,4,2017-03-15,2017-03-17,2017-03-17,2,6
952,355,4,2017-06-16,2017-06-18,2017-06-18,2,7
979,1190,4,2017-06-26,2017-06-29,2017-06-27,2,6
1089,46,3,2017-08-23,2017-08-23,NULL,1,2
1193,1412,4,2017-10-17,2017-10-19,2017-10-19,2,7
1224,544,4,2017-11-03,2017-11-04,2017-11-04,2,6
85,1174,4,2016-02-20,2016-02-23,2016-02-21,2,7
225,307,4,2016-05-17,2016-05-20,2016-05-19,1,3
873,829,4,2017-05-03,2017-05-05,2017-05-05,2,7
1035,1283,4,2017-07-30,2017-08-02,2017-08-02,2,6
1325,68,4,2018-01-01,2018-01-02,2018-01-03,3,8
499,260,4,2016-10-11,2016-10-14,2016-10-13,1,2
559,959,4,2016-11-16,2016-11-17,2016-11-17,1,2
571,5,4,2016-11-24,2016-11-25,2016-11-27,1,2
681,499,4,2017-01-29,2017-02-01,2017-01-31,2,7
831,1000,4,2017-04-11,2017-04-12,2017-04-12,2,7
931,631,4,2017-06-07,2017-06-08,2017-06-08,2,6
1569,29,2,2018-04-22,2018-04-22,NULL,2,7
1609,10,3,2018-08-23,2018-08-23,NULL,2,7
173,117,4,2016-04-11,2016-04-14,2016-04-13,3,8
1326,567,4,2018-01-01,2018-01-03,2018-01-02,3,9
1572,14,1,2018-04-22,2018-04-22,NULL,3,9
581,688,4,2016-12-03,2016-12-05,2016-12-06,1,3
598,40,3,2016-12-09,2016-12-09,NULL,1,3
790,1015,4,2017-03-19,2017-03-21,2017-03-22,2,7
794,863,4,2017-03-23,2017-03-25,2017-03-24,2,7
812,1164,4,2017-04-01,2017-04-02,2017-04-03,2,7
905,609,4,2017-05-23,2017-05-26,2017-05-24,2,6
1188,647,4,2017-10-15,2017-10-18,2017-10-17,2,7
1241,1170,4,2017-11-10,2017-11-12,2017-11-11,2,7
1287,279,4,2017-12-07,2017-12-10,2017-12-09,1,3
1479,23,2,2018-04-01,2018-04-01,NULL,2,7
196,1247,4,2016-04-28,2016-04-30,2016-05-01,2,6
353,1387,4,2016-08-03,2016-08-06,2016-08-06,2,7
501,977,4,2016-10-11,2016-10-12,2016-10-13,2,7
1222,482,4,2017-11-01,2017-11-04,2017-11-03,3,9
1510,16,2,2018-04-09,2018-04-09,NULL,2,6
18,541,4,2016-01-14,2016-01-17,2016-01-15,1,3
27,57,4,2016-01-19,2016-01-21,2016-01-20,2,7
302,1375,4,2016-07-06,2016-07-07,2016-07-09,2,6
577,445,4,2016-11-27,2016-11-30,2016-11-29,2,6
708,660,4,2017-02-10,2017-02-12,2017-02-11,1,2
1006,1070,4,2017-07-15,2017-07-18,2017-07-17,2,7
1275,165,4,2017-11-29,2017-12-01,2017-11-30,1,2
448,101,4,2016-09-21,2016-09-22,2016-09-24,2,6
599,1,4,2016-12-09,2016-12-10,2016-12-12,2,6
621,1157,4,2016-12-23,2016-12-25,2016-12-24,2,6
641,673,4,2017-01-07,2017-01-10,2017-01-08,1,3
888,1038,4,2017-05-14,2017-05-16,2017-05-16,2,7
929,472,4,2017-06-05,2017-06-06,2017-06-08,2,6
953,658,4,2017-06-16,2017-06-18,2017-06-17,2,7
1436,1044,4,2018-03-14,2018-03-17,2018-03-16,2,6
1516,47,2,2018-04-11,2018-04-11,NULL,1,3
136,1192,4,2016-03-21,2016-03-24,2016-03-23,3,8
551,1169,4,2016-11-12,2016-11-13,2016-11-13,2,6
649,1153,4,2017-01-10,2017-01-11,2017-01-13,1,3
1276,893,4,2017-11-30,2017-12-03,2017-12-02,2,6
1360,71,4,2018-01-22,2018-01-25,2018-01-24,2,6
1434,595,4,2018-03-14,2018-03-16,2018-03-16,2,6
1571,80,1,2018-04-22,2018-04-22,NULL,2,7
360,1300,4,2016-08-07,2016-08-09,2016-08-10,2,6
1136,1050,4,2017-09-20,2017-09-21,2017-09-21,2,6
1168,1031,4,2017-10-04,2017-10-05,2017-10-06,2,6
1255,375,4,2017-11-19,2017-11-20,2017-11-21,2,6
28,252,4,2016-01-19,2016-01-20,2016-01-21,2,6
655,347,4,2017-01-16,2017-01-17,2017-01-18,1,3
664,681,4,2017-01-20,2017-01-23,2017-01-22,2,7
829,674,4,2017-04-09,2017-04-10,2017-04-10,2,7
966,389,4,2017-06-20,2017-06-22,2017-06-22,3,8
1437,518,4,2018-03-15,2018-03-16,2018-03-16,1,2
1484,35,2,2018-04-02,2018-04-02,NULL,2,6
1582,240,1,2018-04-25,2018-04-25,NULL,1,3
324,480,4,2016-07-20,2016-07-22,2016-07-23,2,6
539,1144,4,2016-11-02,2016-11-04,2016-11-03,2,7
771,671,4,2017-03-11,2017-03-14,2017-03-12,1,3
992,723,4,2017-07-07,2017-07-10,2017-07-09,2,7
1080,1086,4,2017-08-19,2017-08-20,2017-08-20,2,7
1196,508,4,2017-10-19,2017-10-21,2017-10-20,2,6
1236,243,4,2017-11-08,2017-11-11,2017-11-09,2,7
1277,227,4,2017-12-01,2017-12-04,2017-12-02,2,6
1583,44,1,2018-04-25,2018-04-25,NULL,2,6
146,288,4,2016-03-28,2016-03-30,2016-03-30,1,3
150,332,4,2016-03-29,2016-03-31,2016-04-01,1,2
250,150,4,2016-06-01,2016-06-02,2016-06-04,2,7
753,1201,4,2017-03-05,2017-03-08,2017-03-08,2,7
761,1291,4,2017-03-07,2017-03-08,2017-03-10,2,7
948,618,4,2017-06-15,2017-06-17,2017-06-17,2,6
965,457,4,2017-06-20,2017-06-22,2017-06-23,2,6
1120,1269,4,2017-09-10,2017-09-12,2017-09-13,2,7
1279,1014,4,2017-12-01,2017-12-04,2017-12-03,2,6
1388,323,4,2018-02-09,2018-02-12,2018-02-12,2,7
1406,1053,4,2018-02-25,2018-02-27,2018-02-27,2,7
1557,121,2,2018-04-19,2018-04-19,NULL,1,3
354,551,4,2016-08-03,2016-08-05,2016-08-06,3,8
447,808,4,2016-09-20,2016-09-23,2016-09-22,3,8
462,852,4,2016-09-27,2016-09-28,2016-09-29,2,6
1160,1262,4,2017-10-01,2017-10-02,2017-10-04,1,2
1272,935,4,2017-11-27,2017-11-29,2017-11-30,2,6
107,633,4,2016-03-06,2016-03-09,2016-03-09,1,2
369,1285,4,2016-08-15,2016-08-18,2016-08-18,1,3
610,711,4,2016-12-13,2016-12-15,2016-12-14,2,6
688,343,4,2017-02-02,2017-02-03,2017-02-05,2,7
1268,774,4,2017-11-26,2017-11-28,2017-11-29,1,3
1473,302,4,2018-03-30,2018-04-01,2018-04-02,1,2
156,357,4,2016-04-03,2016-04-06,2016-04-05,1,3
516,111,4,2016-10-21,2016-10-23,2016-10-24,2,6
604,96,4,2016-12-10,2016-12-13,2016-12-12,2,7
878,224,4,2017-05-07,2017-05-10,2017-05-09,1,3
1095,1382,4,2017-08-26,2017-08-28,2017-08-27,3,9
1207,1002,4,2017-10-26,2017-10-28,2017-10-27,2,6
75,587,4,2016-02-14,2016-02-15,2016-02-17,2,6
1044,1270,4,2017-08-07,2017-08-10,2017-08-08,2,7
1230,1107,4,2017-11-05,2017-11-06,2017-11-07,2,6
1426,938,4,2018-03-07,2018-03-08,2018-03-10,2,6
411,261,4,2016-09-02,2016-09-04,2016-09-04,1,3
489,899,4,2016-10-06,2016-10-08,2016-10-08,3,8
497,785,4,2016-10-10,2016-10-11,2016-10-11,2,6
1056,325,4,2017-08-12,2017-08-15,2017-08-13,2,7
1177,21,3,2017-10-12,2017-10-12,NULL,3,9
1210,730,4,2017-10-26,2017-10-27,2017-10-29,3,8
1240,903,4,2017-11-10,2017-11-11,2017-11-11,2,7
1385,866,4,2018-02-08,2018-02-11,2018-02-09,3,9
1401,15,4,2018-02-18,2018-02-19,2018-02-20,2,7
253,1267,4,2016-06-02,2016-06-05,2016-06-05,2,6
383,331,4,2016-08-20,2016-08-23,2016-08-22,2,7
431,1217,4,2016-09-11,2016-09-12,2016-09-12,2,6
752,335,4,2017-03-05,2017-03-06,2017-03-07,2,6
782,1298,4,2017-03-15,2017-03-16,2017-03-18,2,7
1381,680,4,2018-02-05,2018-02-06,2018-02-08,2,7
57,1305,4,2016-02-04,2016-02-06,2016-02-06,2,7
306,424,4,2016-07-09,2016-07-10,2016-07-12,2,7
434,726,4,2016-09-13,2016-09-15,2016-09-14,2,6
531,116,4,2016-10-28,2016-10-29,2016-10-30,3,8
594,1318,4,2016-12-07,2016-12-08,2016-12-08,3,8
670,361,4,2017-01-24,2017-01-25,2017-01-25,2,6
1415,839,4,2018-03-03,2018-03-04,2018-03-05,2,7
231,1257,4,2016-05-19,2016-05-22,2016-05-21,2,6
251,851,4,2016-06-01,2016-06-04,2016-06-04,2,7
281,800,4,2016-06-21,2016-06-22,2016-06-23,2,7
417,359,4,2016-09-04,2016-09-05,2016-09-06,1,3
589,719,4,2016-12-06,2016-12-07,2016-12-07,2,7
725,870,4,2017-02-19,2017-02-22,2017-02-22,2,7
806,234,4,2017-03-30,2017-03-31,2017-03-31,2,7
1256,458,4,2017-11-19,2017-11-20,2017-11-22,2,6
1258,1099,4,2017-11-20,2017-11-21,2017-11-22,2,7
206,743,4,2016-05-04,2016-05-06,2016-05-05,3,9
313,565,4,2016-07-14,2016-07-15,2016-07-15,3,9
536,759,4,2016-10-31,2016-11-02,2016-11-01,1,3
994,419,4,2017-07-09,2017-07-11,2017-07-11,2,7
1494,69,2,2018-04-05,2018-04-05,NULL,1,3
26,1280,4,2016-01-18,2016-01-21,2016-01-19,2,7
67,526,4,2016-02-09,2016-02-11,2016-02-10,3,8
74,264,4,2016-02-13,2016-02-15,2016-02-15,2,7
106,422,4,2016-03-04,2016-03-05,2016-03-05,3,9
622,1398,4,2016-12-23,2016-12-26,2016-12-25,2,7
884,871,4,2017-05-11,2017-05-13,2017-05-12,2,7
996,915,4,2017-07-11,2017-07-12,2017-07-12,1,2
1194,192,4,2017-10-19,2017-10-22,2017-10-22,1,2
1433,1142,4,2018-03-11,2018-03-13,2018-03-12,2,7
50,872,4,2016-01-31,2016-02-03,2016-02-02,3,8
142,170,4,2016-03-26,2016-03-27,2016-03-27,1,3
262,579,4,2016-06-08,2016-06-11,2016-06-10,3,9
482,513,4,2016-10-05,2016-10-06,2016-10-06,2,6
550,892,4,2016-11-12,2016-11-14,2016-11-15,2,7
959,650,4,2017-06-18,2017-06-21,2017-06-21,2,7
1411,109,4,2018-03-01,2018-03-02,2018-03-02,1,2
1430,1239,4,2018-03-10,2018-03-13,2018-03-11,2,7
187,183,4,2016-04-22,2016-04-23,2016-04-24,2,6
407,77,3,2016-09-01,2016-09-01,NULL,3,8
764,701,4,2017-03-09,2017-03-10,2017-03-12,1,2
766,141,4,2017-03-09,2017-03-11,2017-03-12,2,6
1055,140,4,2017-08-12,2017-08-15,2017-08-15,2,6
1069,493,4,2017-08-17,2017-08-19,2017-08-18,2,6
1141,1076,4,2017-09-22,2017-09-23,2017-09-24,1,2
1227,702,4,2017-11-04,2017-11-07,2017-11-06,2,6
1231,1180,4,2017-11-05,2017-11-07,2017-11-06,2,6
1390,63,4,2018-02-12,2018-02-13,2018-02-13,2,7
215,1420,4,2016-05-10,2016-05-13,2016-05-12,2,7
426,944,4,2016-09-08,2016-09-10,2016-09-10,2,6
936,265,4,2017-06-10,2017-06-13,2017-06-12,2,6
1001,354,4,2017-07-13,2017-07-16,2017-07-15,2,6
1380,818,4,2018-02-05,2018-02-08,2018-02-08,1,3
1399,146,4,2018-02-16,2018-02-18,2018-02-18,2,6
1408,1172,4,2018-02-26,2018-02-27,2018-03-01,2,6
1422,599,4,2018-03-05,2018-03-06,2018-03-08,3,8
1556,4,2,2018-04-18,2018-04-18,NULL,2,6
230,1167,4,2016-05-19,2016-05-20,2016-05-21,2,6
328,528,4,2016-07-23,2016-07-26,2016-07-25,2,6
397,1437,4,2016-08-28,2016-08-31,2016-08-29,2,7
429,153,4,2016-09-10,2016-09-12,2016-09-12,3,8
608,1103,4,2016-12-12,2016-12-15,2016-12-14,1,3
694,58,4,2017-02-05,2017-02-06,2017-02-08,2,7
709,1162,4,2017-02-11,2017-02-13,2017-02-12,2,6
718,38,4,2017-02-16,2017-02-17,2017-02-17,2,7
1211,19,4,2017-10-27,2017-10-28,2017-10-29,2,7
1242,303,4,2017-11-11,2017-11-12,2017-11-12,2,6
129,84,4,2016-03-19,2016-03-21,2016-03-21,2,7
384,410,4,2016-08-20,2016-08-22,2016-08-23,2,7
1105,747,4,2017-09-01,2017-09-04,2017-09-03,3,8
1251,289,4,2017-11-17,2017-11-19,2017-11-19,3,9
1283,85,4,2017-12-04,2017-12-07,2017-12-07,2,7
1586,176,1,2018-04-26,2018-04-26,NULL,1,2
316,670,4,2016-07-17,2016-07-20,2016-07-19,2,7
510,586,4,2016-10-17,2016-10-18,2016-10-18,2,7
1289,1292,4,2017-12-08,2017-12-11,2017-12-10,1,3
1566,72,1,2018-04-21,2018-04-21,NULL,1,3
73,612,4,2016-02-12,2016-02-15,2016-02-14,2,7
154,1286,4,2016-03-31,2016-04-01,2016-04-01,1,2
684,762,4,2017-01-31,2017-02-01,2017-02-02,2,6
848,597,4,2017-04-18,2017-04-20,2017-04-20,2,7
1262,509,4,2017-11-23,2017-11-26,2017-11-26,2,6
1449,330,4,2018-03-18,2018-03-19,2018-03-20,2,7
392,176,4,2016-08-23,2016-08-26,2016-08-24,1,3
456,1061,4,2016-09-23,2016-09-26,2016-09-25,3,9
629,973,4,2016-12-26,2016-12-27,2016-12-29,1,2
1545,67,1,2018-04-17,2018-04-17,NULL,1,3
1570,54,2,2018-04-22,2018-04-22,NULL,2,7
36,1321,4,2016-01-23,2016-01-24,2016-01-24,2,6
127,484,4,2016-03-17,2016-03-18,2016-03-19,3,8
370,758,4,2016-08-15,2016-08-18,2016-08-18,2,7
586,1306,4,2016-12-04,2016-12-06,2016-12-05,2,6
717,1312,4,2017-02-15,2017-02-18,2017-02-17,2,6
837,948,4,2017-04-13,2017-04-16,2017-04-14,2,7
866,1410,4,2017-04-29,2017-04-30,2017-05-01,2,6
995,621,4,2017-07-11,2017-07-13,2017-07-14,1,2
1313,1294,4,2017-12-25,2017-12-27,2017-12-27,1,3
160,205,4,2016-04-04,2016-04-06,2016-04-06,2,7
166,338,4,2016-04-08,2016-04-11,2016-04-11,2,6
452,997,4,2016-09-22,2016-09-23,2016-09-24,2,7
505,721,4,2016-10-14,2016-10-16,2016-10-17,2,6
534,1406,4,2016-10-29,2016-10-30,2016-10-31,2,7
798,619,4,2017-03-26,2017-03-28,2017-03-29,1,3
938,129,4,2017-06-11,2017-06-12,2017-06-12,2,6
1428,195,4,2018-03-08,2018-03-10,2018-03-11,2,7
88,1069,4,2016-02-21,2016-02-22,2016-02-23,2,6
123,766,4,2016-03-15,2016-03-18,2016-03-17,2,6
868,868,4,2017-05-01,2017-05-04,2017-05-02,1,3
909,188,4,2017-05-26,2017-05-27,2017-05-28,1,2
1375,312,4,2018-01-30,2018-02-01,2018-02-01,3,8
348,907,4,2016-08-02,2016-08-05,2016-08-04,3,9
699,958,4,2017-02-06,2017-02-08,2017-02-09,3,9
810,153,3,2017-04-01,2017-04-01,NULL,3,8
813,1203,4,2017-04-01,2017-04-03,2017-04-02,3,9
1078,793,4,2017-08-19,2017-08-21,2017-08-20,2,6
1191,186,4,2017-10-17,2017-10-18,2017-10-18,2,6
1195,229,4,2017-10-19,2017-10-21,2017-10-21,2,7
1420,838,4,2018-03-04,2018-03-05,2018-03-07,2,7
1447,1419,4,2018-03-18,2018-03-20,2018-03-20,1,3
1496,3,1,2018-04-06,2018-04-06,NULL,1,3
189,1288,4,2016-04-23,2016-04-24,2016-04-26,1,2
361,994,4,2016-08-08,2016-08-09,2016-08-11,2,6
367,527,4,2016-08-14,2016-08-15,2016-08-15,2,7
592,1232,4,2016-12-06,2016-12-08,2016-12-08,2,7
619,454,4,2016-12-22,2016-12-25,2016-12-25,2,7
712,173,4,2017-02-13,2017-02-14,2017-02-16,3,9
828,246,4,2017-04-09,2017-04-10,2017-04-12,2,6
880,1206,4,2017-05-08,2017-05-11,2017-05-10,2,6
1051,209,4,2017-08-10,2017-08-11,2017-08-11,2,7
1203,1191,4,2017-10-25,2017-10-27,2017-10-26,2,7
1214,783,4,2017-10-28,2017-10-29,2017-10-29,2,6
1278,980,4,2017-12-01,2017-12-02,2017-12-04,2,7
337,1252,4,2016-07-26,2016-07-27,2016-07-28,2,7
468,1261,4,2016-09-29,2016-10-02,2016-09-30,1,3
535,835,4,2016-10-29,2016-10-31,2016-11-01,3,9
680,245,4,2017-01-29,2017-02-01,2017-01-30,1,3
799,607,4,2017-03-27,2017-03-28,2017-03-29,1,3
1048,777,4,2017-08-08,2017-08-10,2017-08-09,2,7
1126,1213,4,2017-09-14,2017-09-16,2017-09-15,3,8
1146,757,4,2017-09-25,2017-09-26,2017-09-28,2,7
1170,534,4,2017-10-05,2017-10-07,2017-10-06,2,6
219,1338,4,2016-05-12,2016-05-15,2016-05-15,2,6
542,313,4,2016-11-04,2016-11-06,2016-11-05,2,7
705,1196,4,2017-02-08,2017-02-11,2017-02-11,2,7
850,1346,4,2017-04-19,2017-04-22,2017-04-22,1,3
1124,275,4,2017-09-13,2017-09-14,2017-09-16,3,9
1608,53,3,2018-07-12,2018-07-12,NULL,1,2
91,648,4,2016-02-25,2016-02-27,2016-02-28,1,2
274,411,4,2016-06-17,2016-06-20,2016-06-18,2,7
307,695,4,2016-07-09,2016-07-11,2016-07-11,2,6
509,235,4,2016-10-16,2016-10-17,2016-10-17,2,7
677,809,4,2017-01-28,2017-01-31,2017-01-30,2,7
788,1363,4,2017-03-18,2017-03-20,2017-03-20,3,9
1185,960,4,2017-10-14,2017-10-16,2017-10-17,2,6
1333,203,4,2018-01-06,2018-01-07,2018-01-07,3,8
1352,1433,4,2018-01-16,2018-01-18,2018-01-18,2,6
1382,1303,4,2018-02-06,2018-02-09,2018-02-08,2,6
1438,263,4,2018-03-15,2018-03-17,2018-03-16,2,6
1491,82,1,2018-04-04,2018-04-04,NULL,1,3
1503,208,2,2018-04-07,2018-04-07,NULL,1,3
1613,1,3,2018-11-18,2018-11-18,NULL,2,6
330,622,4,2016-07-24,2016-07-27,2016-07-27,2,6
1057,456,4,2017-08-12,2017-08-15,2017-08-13,2,7
1235,210,4,2017-11-07,2017-11-08,2017-11-09,2,6
1453,601,4,2018-03-20,2018-03-23,2018-03-22,1,3
84,317,4,2016-02-20,2016-02-22,2016-02-21,2,7
165,574,4,2016-04-08,2016-04-10,2016-04-10,1,3
409,416,4,2016-09-01,2016-09-04,2016-09-04,2,7
493,796,4,2016-10-09,2016-10-12,2016-10-11,1,3
863,446,4,2017-04-28,2017-04-30,2017-05-01,2,7
975,1092,4,2017-06-25,2017-06-27,2017-06-28,2,6
1094,828,4,2017-08-25,2017-08-27,2017-08-28,2,6
1291,1284,4,2017-12-09,2017-12-11,2017-12-12,2,6
101,271,4,2016-03-01,2016-03-04,2016-03-04,3,8
379,954,4,2016-08-18,2016-08-21,2016-08-21,2,7
889,830,4,2017-05-14,2017-05-17,2017-05-15,3,8
1021,125,4,2017-07-23,2017-07-24,2017-07-26,2,6
1152,1244,4,2017-09-29,2017-10-02,2017-10-01,2,6
1243,346,4,2017-11-11,2017-11-13,2017-11-14,2,6
1285,262,4,2017-12-04,2017-12-07,2017-12-07,2,7
1514,87,2,2018-04-10,2018-04-10,NULL,1,3
58,504,4,2016-02-05,2016-02-07,2016-02-07,2,6
233,737,4,2016-05-21,2016-05-22,2016-05-24,2,6
349,30,3,2016-08-03,2016-08-03,NULL,1,3
386,1362,4,2016-08-20,2016-08-23,2016-08-23,2,6
674,733,4,2017-01-27,2017-01-28,2017-01-29,2,6
1039,1077,4,2017-08-02,2017-08-04,2017-08-03,2,7
1229,89,4,2017-11-05,2017-11-08,2017-11-06,1,3
1468,3,4,2018-03-27,2018-03-30,2018-03-29,1,2
25,657,4,2016-01-18,2016-01-21,2016-01-21,2,6
41,979,4,2016-01-27,2016-01-30,2016-01-29,2,6
93,1328,4,2016-02-26,2016-02-28,2016-02-27,1,3
188,390,4,2016-04-22,2016-04-23,2016-04-25,2,6
237,1351,4,2016-05-25,2016-05-26,2016-05-27,2,7
1190,34,4,2017-10-16,2017-10-19,2017-10-17,2,6
1273,1268,4,2017-11-27,2017-11-29,2017-11-29,2,6
1373,427,4,2018-01-29,2018-01-31,2018-01-31,3,9
1424,1445,4,2018-03-07,2018-03-10,2018-03-10,1,2
319,941,4,2016-07-18,2016-07-21,2016-07-21,2,6
333,779,4,2016-07-25,2016-07-27,2016-07-26,2,6
401,103,4,2016-08-30,2016-09-02,2016-09-01,2,6
469,1089,4,2016-09-29,2016-10-02,2016-10-02,2,7
523,1056,4,2016-10-24,2016-10-26,2016-10-27,2,6
714,805,4,2017-02-14,2017-02-17,2017-02-15,2,7
890,171,4,2017-05-15,2017-05-18,2017-05-18,2,6
1151,708,4,2017-09-29,2017-09-30,2017-09-30,1,3
72,1386,4,2016-02-12,2016-02-15,2016-02-13,1,2
167,1034,4,2016-04-08,2016-04-09,2016-04-11,2,7
554,104,4,2016-11-13,2016-11-14,2016-11-16,1,3
792,479,4,2017-03-22,2017-03-23,2017-03-24,2,6
1016,1417,4,2017-07-19,2017-07-20,2017-07-21,3,9
1060,182,4,2017-08-15,2017-08-18,2017-08-17,2,6
1367,1118,4,2018-01-27,2018-01-28,2018-01-28,1,3
1540,187,1,2018-04-16,2018-04-16,NULL,1,2
120,327,4,2016-03-14,2016-03-15,2016-03-17,2,7
122,786,4,2016-03-14,2016-03-16,2016-03-15,2,6
241,1082,4,2016-05-27,2016-05-29,2016-05-29,2,7
393,368,4,2016-08-25,2016-08-26,2016-08-27,2,6
467,555,4,2016-09-28,2016-09-30,2016-09-30,3,8
512,8,4,2016-10-19,2016-10-22,2016-10-20,2,7
645,1199,4,2017-01-08,2017-01-11,2017-01-10,2,6
650,729,4,2017-01-11,2017-01-14,2017-01-12,1,2
739,49,4,2017-02-28,2017-03-01,2017-03-02,2,6
881,1024,4,2017-05-08,2017-05-11,2017-05-11,3,9
927,1438,4,2017-06-03,2017-06-05,2017-06-06,1,2
1067,225,4,2017-08-17,2017-08-19,2017-08-19,2,7
1180,1065,4,2017-10-13,2017-10-16,2017-10-16,1,3
1303,878,4,2017-12-16,2017-12-19,2017-12-18,2,7
1400,987,4,2018-02-17,2018-02-18,2018-02-18,2,6
1477,180,4,2018-03-31,2018-04-03,2018-04-01,2,6
1579,104,2,2018-04-24,2018-04-24,NULL,1,2
81,521,4,2016-02-17,2016-02-19,2016-02-18,2,6
200,1074,4,2016-05-01,2016-05-03,2016-05-03,2,6
246,17,3,2016-05-30,2016-05-30,NULL,2,6
406,1380,4,2016-08-31,2016-09-02,2016-09-01,2,7
461,853,4,2016-09-26,2016-09-27,2016-09-27,2,7
500,148,4,2016-10-11,2016-10-12,2016-10-13,2,6
585,1219,4,2016-12-04,2016-12-05,2016-12-05,2,7
623,678,4,2016-12-24,2016-12-26,2016-12-27,2,6
1533,28,2,2018-04-13,2018-04-13,NULL,2,6
176,643,4,2016-04-15,2016-04-16,2016-04-17,2,7
368,995,4,2016-08-14,2016-08-15,2016-08-17,2,7
424,67,4,2016-09-08,2016-09-11,2016-09-11,1,3
786,249,4,2017-03-18,2017-03-20,2017-03-19,2,6
1472,114,4,2018-03-29,2018-03-30,2018-03-31,2,6
162,31,4,2016-04-06,2016-04-08,2016-04-07,1,3
213,788,4,2016-05-08,2016-05-09,2016-05-09,3,8
217,716,4,2016-05-11,2016-05-12,2016-05-14,2,7
601,683,4,2016-12-09,2016-12-10,2016-12-10,2,6
630,1404,4,2016-12-26,2016-12-27,2016-12-28,2,6
896,376,4,2017-05-19,2017-05-22,2017-05-21,3,9
1053,1439,4,2017-08-10,2017-08-11,2017-08-12,2,6
1100,1392,4,2017-08-28,2017-08-29,2017-08-29,2,7
1106,1009,4,2017-09-02,2017-09-04,2017-09-04,2,6
1446,820,4,2018-03-17,2018-03-18,2018-03-18,2,6
20,923,4,2016-01-14,2016-01-16,2016-01-17,1,2
930,1224,4,2017-06-05,2017-06-06,2017-06-06,3,9
1098,752,4,2017-08-28,2017-08-30,2017-08-30,1,2
1127,494,4,2017-09-15,2017-09-16,2017-09-16,2,7
1187,486,4,2017-10-15,2017-10-18,2017-10-16,2,6
1348,1214,4,2018-01-15,2018-01-17,2018-01-17,1,2
1423,1231,4,2018-03-06,2018-03-07,2018-03-07,1,2
35,813,4,2016-01-22,2016-01-25,2016-01-24,2,7
626,130,4,2016-12-25,2016-12-28,2016-12-27,2,7
334,1112,4,2016-07-25,2016-07-28,2016-07-27,2,7
378,475,4,2016-08-17,2016-08-20,2016-08-20,3,9
415,1265,4,2016-09-03,2016-09-06,2016-09-06,2,7
576,1272,4,2016-11-27,2016-11-30,2016-11-28,1,3
618,131,4,2016-12-21,2016-12-22,2016-12-22,2,6
660,383,4,2017-01-18,2017-01-19,2017-01-19,2,7
114,1431,4,2016-03-08,2016-03-10,2016-03-11,2,7
138,438,4,2016-03-23,2016-03-24,2016-03-25,2,7
143,693,4,2016-03-26,2016-03-28,2016-03-28,2,7
164,610,4,2016-04-07,2016-04-08,2016-04-09,2,7
214,363,4,2016-05-10,2016-05-12,2016-05-11,2,6
435,77,4,2016-09-14,2016-09-15,2016-09-16,3,9
557,1248,4,2016-11-14,2016-11-17,2016-11-15,2,6
972,270,4,2017-06-23,2017-06-24,2017-06-25,2,7
1023,356,4,2017-07-23,2017-07-26,2017-07-25,2,6
1034,895,4,2017-07-30,2017-07-31,2017-07-31,2,7
1198,1289,4,2017-10-22,2017-10-24,2017-10-24,2,7
1213,669,4,2017-10-27,2017-10-29,2017-10-29,3,9
1354,476,4,2018-01-19,2018-01-20,2018-01-21,1,3
5,1324,4,2016-01-03,2016-01-06,2016-01-06,2,6
391,61,3,2016-08-23,2016-08-23,NULL,3,9
522,724,4,2016-10-23,2016-10-24,2016-10-24,2,7
838,1395,4,2017-04-14,2017-04-17,2017-04-15,2,7
1137,810,4,2017-09-20,2017-09-23,2017-09-23,3,8
1369,92,4,2018-01-28,2018-01-30,2018-01-30,2,6
1476,35,4,2018-03-31,2018-04-01,2018-04-01,2,7
1483,15,1,2018-04-02,2018-04-02,NULL,2,7
97,204,4,2016-02-28,2016-02-29,2016-03-01,2,7
820,725,4,2017-04-05,2017-04-08,2017-04-07,2,7
1253,44,4,2017-11-18,2017-11-21,2017-11-21,2,6
178,756,4,2016-04-16,2016-04-17,2016-04-18,2,6
541,1228,4,2016-11-04,2016-11-07,2016-11-07,1,3
1429,1116,4,2018-03-08,2018-03-09,2018-03-09,2,6
1523,8,1,2018-04-12,2018-04-12,NULL,2,7
104,7,4,2016-03-03,2016-03-05,2016-03-05,2,7
273,1340,4,2016-06-16,2016-06-19,2016-06-17,2,7
572,178,4,2016-11-24,2016-11-26,2016-11-26,2,6
719,200,4,2017-02-16,2017-02-19,2017-02-18,2,6
870,1416,4,2017-05-01,2017-05-04,2017-05-02,2,6
151,926,4,2016-03-29,2016-04-01,2016-03-31,1,2
491,1048,4,2016-10-08,2016-10-10,2016-10-11,1,2
526,1096,4,2016-10-26,2016-10-28,2016-10-28,2,6
606,18,4,2016-12-11,2016-12-12,2016-12-13,2,7
663,344,4,2017-01-20,2017-01-22,2017-01-23,1,3
666,770,4,2017-01-21,2017-01-22,2017-01-24,2,7
700,4,4,2017-02-07,2017-02-10,2017-02-08,2,6
815,1251,4,2017-04-03,2017-04-05,2017-04-04,1,3
895,857,4,2017-05-18,2017-05-21,2017-05-19,2,6
987,172,4,2017-07-02,2017-07-04,2017-07-04,1,2
1178,771,4,2017-10-12,2017-10-15,2017-10-13,2,6
1271,734,4,2017-11-27,2017-11-30,2017-11-30,2,6
1282,320,4,2017-12-03,2017-12-05,2017-12-05,2,6
1463,692,4,2018-03-23,2018-03-24,2018-03-24,2,7
538,341,4,2016-11-02,2016-11-05,2016-11-05,2,6
566,298,4,2016-11-22,2016-11-25,2016-11-23,1,3
696,1242,4,2017-02-05,2017-02-08,2017-02-08,2,7
860,473,4,2017-04-27,2017-04-29,2017-04-28,2,7
919,781,4,2017-05-30,2017-05-31,2017-05-31,2,7
963,1432,4,2017-06-19,2017-06-21,2017-06-21,2,6
1365,689,4,2018-01-25,2018-01-28,2018-01-27,2,7
1520,66,2,2018-04-11,2018-04-11,NULL,3,8
139,710,4,2016-03-23,2016-03-24,2016-03-26,2,7
310,627,4,2016-07-12,2016-07-13,2016-07-13,1,2
486,709,4,2016-10-06,2016-10-08,2016-10-09,2,7
624,814,4,2016-12-24,2016-12-25,2016-12-27,2,6
628,561,4,2016-12-26,2016-12-29,2016-12-27,1,3
795,992,4,2017-03-23,2017-03-25,2017-03-26,2,7
958,1276,4,2017-06-18,2017-06-20,2017-06-19,1,2
1029,407,4,2017-07-29,2017-07-30,2017-08-01,1,3
1135,1347,4,2017-09-19,2017-09-21,2017-09-20,2,6
1156,869,4,2017-09-30,2017-10-03,2017-10-03,2,7
1551,70,1,2018-04-17,2018-04-17,NULL,2,7
177,121,4,2016-04-16,2016-04-19,2016-04-19,1,2
377,1355,4,2016-08-17,2016-08-19,2016-08-20,2,6
479,984,4,2016-10-03,2016-10-04,2016-10-04,2,6
918,242,4,2017-05-30,2017-05-31,2017-05-31,1,3
949,867,4,2017-06-16,2017-06-18,2017-06-17,1,3
1261,435,4,2017-11-23,2017-11-25,2017-11-24,2,7
1344,916,4,2018-01-13,2018-01-16,2018-01-15,2,6
1481,62,1,2018-04-01,2018-04-01,NULL,2,6
1599,49,1,2018-04-29,2018-04-29,NULL,2,7
21,1250,4,2016-01-15,2016-01-16,2016-01-18,2,6
96,1094,4,2016-02-27,2016-02-29,2016-02-28,2,7
303,36,4,2016-07-07,2016-07-08,2016-07-09,2,7
430,272,4,2016-09-11,2016-09-13,2016-09-12,2,6
893,1293,4,2017-05-16,2017-05-19,2017-05-19,2,7
926,233,4,2017-06-03,2017-06-05,2017-06-06,1,2
1013,174,4,2017-07-19,2017-07-22,2017-07-21,2,6
1225,768,4,2017-11-04,2017-11-05,2017-11-07,1,2
256,26,4,2016-06-04,2016-06-05,2016-06-07,2,7
263,1322,4,2016-06-09,2016-06-10,2016-06-12,2,6
487,827,4,2016-10-06,2016-10-09,2016-10-09,2,6
648,684,4,2017-01-09,2017-01-11,2017-01-11,2,6
704,1137,4,2017-02-08,2017-02-09,2017-02-11,2,6
141,557,4,2016-03-25,2016-03-27,2016-03-26,2,7
147,55,4,2016-03-28,2016-03-31,2016-03-31,2,7
402,1335,4,2016-08-30,2016-09-01,2016-08-31,2,6
484,421,4,2016-10-06,2016-10-09,2016-10-07,2,7
642,847,4,2017-01-07,2017-01-09,2017-01-10,2,7
673,64,4,2017-01-26,2017-01-28,2017-01-27,3,9
805,420,4,2017-03-29,2017-03-30,2017-04-01,2,6
1396,856,4,2018-02-15,2018-02-18,2018-02-16,2,7
276,1227,4,2016-06-18,2016-06-19,2016-06-19,2,6
420,72,4,2016-09-05,2016-09-06,2016-09-07,1,3
658,1051,4,2017-01-17,2017-01-18,2017-01-18,2,7
1265,950,4,2017-11-24,2017-11-27,2017-11-27,2,7
1362,310,4,2018-01-23,2018-01-24,2018-01-25,2,6
1487,33,1,2018-04-03,2018-04-03,NULL,1,3
180,918,4,2016-04-17,2016-04-20,2016-04-19,2,7
338,1333,4,2016-07-28,2016-07-29,2016-07-30,1,3
485,465,4,2016-10-06,2016-10-08,2016-10-07,2,7
588,102,4,2016-12-06,2016-12-07,2016-12-07,2,7
1281,1060,4,2017-12-02,2017-12-05,2017-12-05,2,6
66,1253,4,2016-02-09,2016-02-12,2016-02-12,2,7
108,12,4,2016-03-06,2016-03-09,2016-03-07,2,6
275,1341,4,2016-06-17,2016-06-19,2016-06-18,2,7
357,14,3,2016-08-05,2016-08-05,NULL,3,8
906,877,4,2017-05-23,2017-05-26,2017-05-26,2,7
1102,1317,4,2017-08-29,2017-08-31,2017-08-31,2,6
1302,322,4,2017-12-16,2017-12-18,2017-12-19,2,7
1497,31,2,2018-04-06,2018-04-06,NULL,1,2
1606,119,3,2018-07-10,2018-07-10,NULL,3,8
168,1147,4,2016-04-09,2016-04-12,2016-04-11,1,3
422,398,4,2016-09-06,2016-09-07,2016-09-09,2,6
593,50,4,2016-12-07,2016-12-10,2016-12-08,3,8
662,1125,4,2017-01-19,2017-01-20,2017-01-20,1,3
801,78,4,2017-03-28,2017-03-29,2017-03-30,1,2
1104,268,4,2017-09-01,2017-09-04,2017-09-03,2,6
1393,547,4,2018-02-14,2018-02-15,2018-02-15,2,7
1456,754,4,2018-03-20,2018-03-21,2018-03-23,2,7
1543,76,1,2018-04-16,2018-04-16,NULL,2,6
221,1218,4,2016-05-13,2016-05-16,2016-05-14,1,2
288,780,4,2016-06-25,2016-06-28,2016-06-28,2,6
483,703,4,2016-10-06,2016-10-07,2016-10-09,1,2
758,953,4,2017-03-06,2017-03-08,2017-03-07,3,9
913,699,4,2017-05-27,2017-05-29,2017-05-29,2,6
917,881,4,2017-05-29,2017-05-31,2017-06-01,1,2
1121,143,4,2017-09-11,2017-09-13,2017-09-12,2,7
1125,945,4,2017-09-14,2017-09-15,2017-09-15,2,7
1165,652,4,2017-10-02,2017-10-03,2017-10-05,2,7
1355,1010,4,2018-01-19,2018-01-21,2018-01-20,2,7
1562,88,1,2018-04-20,2018-04-20,NULL,2,7
1602,55,1,2018-04-30,2018-04-30,NULL,2,6
40,348,4,2016-01-27,2016-01-28,2016-01-29,1,3
405,603,4,2016-08-31,2016-09-01,2016-09-01,2,6
475,241,4,2016-10-01,2016-10-04,2016-10-03,2,7
745,698,4,2017-03-01,2017-03-03,2017-03-03,2,7
1046,1134,4,2017-08-07,2017-08-09,2017-08-08,3,8
1149,787,4,2017-09-27,2017-09-30,2017-09-30,2,7
1249,545,4,2017-11-17,2017-11-18,2017-11-20,2,6
1312,311,4,2017-12-25,2017-12-28,2017-12-26,1,3
1323,273,4,2017-12-31,2018-01-01,2018-01-01,2,6
1329,443,4,2018-01-04,2018-01-05,2018-01-06,1,3
1560,57,1,2018-04-20,2018-04-20,NULL,2,7
372,132,4,2016-08-16,2016-08-18,2016-08-18,2,6
438,314,4,2016-09-16,2016-09-19,2016-09-18,3,8
441,704,4,2016-09-18,2016-09-19,2016-09-19,1,2
476,559,4,2016-10-01,2016-10-04,2016-10-02,2,6
609,896,4,2016-12-12,2016-12-13,2016-12-14,2,7
789,772,4,2017-03-19,2017-03-20,2017-03-20,2,6
1123,598,4,2017-09-13,2017-09-14,2017-09-14,2,7
1199,318,4,2017-10-23,2017-10-24,2017-10-26,1,2
13,873,4,2016-01-08,2016-01-11,2016-01-11,2,6
203,1102,4,2016-05-03,2016-05-05,2016-05-06,3,9
731,910,4,2017-02-25,2017-02-27,2017-02-27,3,9
968,1403,4,2017-06-21,2017-06-23,2017-06-23,2,6
1119,749,4,2017-09-10,2017-09-12,2017-09-13,1,2
1435,744,4,2018-03-14,2018-03-15,2018-03-16,2,6
1611,6,3,2018-09-06,2018-09-06,NULL,2,7
78,1182,4,2016-02-16,2016-02-18,2016-02-19,2,7
264,5,3,2016-06-10,2016-06-10,NULL,1,3
325,848,4,2016-07-20,2016-07-21,2016-07-21,2,6
373,337,4,2016-08-16,2016-08-19,2016-08-17,2,7
396,542,4,2016-08-27,2016-08-30,2016-08-29,2,6
796,154,4,2017-03-23,2017-03-26,2017-03-25,3,9
954,611,4,2017-06-17,2017-06-20,2017-06-20,2,6
1073,911,4,2017-08-18,2017-08-19,2017-08-21,2,7
1158,889,4,2017-10-01,2017-10-03,2017-10-02,1,2
1169,1421,4,2017-10-04,2017-10-06,2017-10-07,2,7
1509,2,1,2018-04-09,2018-04-09,NULL,1,3
171,237,4,2016-04-11,2016-04-14,2016-04-14,1,3
519,54,4,2016-10-22,2016-10-23,2016-10-24,2,7
607,309,4,2016-12-11,2016-12-14,2016-12-13,2,6
710,295,4,2017-02-13,2017-02-15,2017-02-16,2,6
809,1222,4,2017-03-31,2017-04-03,2017-04-03,2,7
846,715,4,2017-04-17,2017-04-19,2017-04-19,2,6
1009,1064,4,2017-07-16,2017-07-19,2017-07-19,3,8
1340,1066,4,2018-01-12,2018-01-13,2018-01-13,1,3
133,409,4,2016-03-20,2016-03-22,2016-03-21,2,7
785,794,4,2017-03-18,2017-03-19,2017-03-20,1,2
1092,40,4,2017-08-25,2017-08-28,2017-08-27,1,2
1150,1183,4,2017-09-28,2017-10-01,2017-09-30,2,7
1218,1017,4,2017-10-30,2017-11-01,2017-10-31,1,2
1581,188,2,2018-04-25,2018-04-25,NULL,1,2
10,442,4,2016-01-05,2016-01-06,2016-01-06,2,6
359,441,4,2016-08-07,2016-08-10,2016-08-10,2,7
419,14,4,2016-09-04,2016-09-07,2016-09-06,3,8
543,62,4,2016-11-06,2016-11-09,2016-11-08,2,6
754,646,4,2017-03-06,2017-03-07,2017-03-08,1,2
1350,637,4,2018-01-15,2018-01-18,2018-01-17,2,7
1575,224,2,2018-04-23,2018-04-23,NULL,1,3
1576,12,2,2018-04-23,2018-04-23,NULL,2,7
1600,90,1,2018-04-29,2018-04-29,NULL,2,6
793,653,4,2017-03-23,2017-03-24,2017-03-24,2,6
834,890,4,2017-04-12,2017-04-13,2017-04-15,2,6
1004,1389,4,2017-07-14,2017-07-17,2017-07-16,2,6
1024,837,4,2017-07-23,2017-07-25,2017-07-26,2,7
332,659,4,2016-07-24,2016-07-26,2016-07-26,2,7
687,530,4,2017-02-02,2017-02-05,2017-02-04,1,3
784,430,4,2017-03-16,2017-03-19,2017-03-19,2,7
1166,286,4,2017-10-03,2017-10-04,2017-10-04,2,7
1314,1027,4,2017-12-25,2017-12-26,2017-12-28,2,7
1565,60,2,2018-04-21,2018-04-21,NULL,1,2
132,46,4,2016-03-20,2016-03-22,2016-03-23,1,3
179,616,4,2016-04-17,2016-04-19,2016-04-19,2,6
514,927,4,2016-10-19,2016-10-21,2016-10-20,2,7
634,27,4,2016-12-29,2017-01-01,2016-12-30,2,6
833,406,4,2017-04-12,2017-04-14,2017-04-15,2,7
843,1059,4,2017-04-16,2017-04-17,2017-04-19,2,7
856,477,4,2017-04-23,2017-04-25,2017-04-26,2,6
1284,128,4,2017-12-04,2017-12-06,2017-12-07,2,7
1324,862,4,2018-01-01,2018-01-04,2018-01-03,2,6
1416,566,4,2018-03-03,2018-03-04,2018-03-06,3,8
1537,36,1,2018-04-15,2018-04-15,NULL,2,6
17,1175,4,2016-01-12,2016-01-14,2016-01-14,1,3
92,1309,4,2016-02-25,2016-02-28,2016-02-28,2,7
216,267,4,2016-05-11,2016-05-14,2016-05-13,1,3
305,705,4,2016-07-07,2016-07-08,2016-07-08,2,7
380,1156,4,2016-08-19,2016-08-20,2016-08-21,2,7
511,377,4,2016-10-18,2016-10-20,2016-10-19,2,7
515,986,4,2016-10-19,2016-10-20,2016-10-22,2,6
564,1058,4,2016-11-20,2016-11-23,2016-11-22,2,7
916,718,4,2017-05-28,2017-05-29,2017-05-29,2,6
1239,1197,4,2017-11-09,2017-11-10,2017-11-11,2,7
1301,1088,4,2017-12-16,2017-12-19,2017-12-19,1,3
1444,1154,4,2018-03-16,2018-03-17,2018-03-19,2,6
1518,175,1,2018-04-11,2018-04-11,NULL,1,2
14,258,4,2016-01-09,2016-01-11,2016-01-12,1,3
102,336,4,2016-03-02,2016-03-05,2016-03-03,2,7
282,159,4,2016-06-22,2016-06-25,2016-06-25,3,9
446,399,4,2016-09-19,2016-09-21,2016-09-20,2,7
463,964,4,2016-09-27,2016-09-28,2016-09-28,3,8
600,624,4,2016-12-09,2016-12-12,2016-12-11,2,7
765,1152,4,2017-03-09,2017-03-11,2017-03-12,1,2
777,496,4,2017-03-13,2017-03-16,2017-03-16,2,6
1110,912,4,2017-09-04,2017-09-07,2017-09-07,2,6
1114,1036,4,2017-09-06,2017-09-08,2017-09-08,2,6
1379,1256,4,2018-02-02,2018-02-05,2018-02-05,2,6
1440,859,4,2018-03-15,2018-03-18,2018-03-16,3,8
1489,194,1,2018-04-03,2018-04-03,NULL,1,3
6,94,4,2016-01-04,2016-01-07,2016-01-05,2,6
71,797,4,2016-02-11,2016-02-14,2016-02-12,2,7
568,1275,4,2016-11-23,2016-11-25,2016-11-24,1,3
728,1138,4,2017-02-20,2017-02-21,2017-02-23,1,3
773,1385,4,2017-03-11,2017-03-12,2017-03-12,2,6
872,394,4,2017-05-03,2017-05-06,2017-05-06,1,3
1143,1087,4,2017-09-24,2017-09-26,2017-09-27,1,2
1205,1091,4,2017-10-26,2017-10-28,2017-10-28,1,2
194,558,4,2016-04-28,2016-04-30,2016-05-01,2,7
457,1349,4,2016-09-24,2016-09-27,2016-09-27,1,3
472,468,4,2016-09-30,2016-10-01,2016-10-01,2,7
524,569,4,2016-10-25,2016-10-26,2016-10-27,1,2
967,1323,4,2017-06-21,2017-06-24,2017-06-24,2,6
1042,539,4,2017-08-06,2017-08-07,2017-08-07,2,7
1064,898,4,2017-08-16,2017-08-18,2017-08-19,3,9
1159,1221,4,2017-10-01,2017-10-02,2017-10-03,1,3
1598,239,2,2018-04-29,2018-04-29,NULL,1,3
95,218,4,2016-02-27,2016-02-29,2016-02-28,2,7
109,1255,4,2016-03-06,2016-03-09,2016-03-09,2,6
137,370,4,2016-03-23,2016-03-26,2016-03-25,2,7
161,251,4,2016-04-04,2016-04-07,2016-04-05,2,7
552,1282,4,2016-11-12,2016-11-15,2016-11-13,2,7
561,90,4,2016-11-19,2016-11-22,2016-11-22,2,6
678,250,4,2017-01-28,2017-01-29,2017-01-31,3,9
727,962,4,2017-02-19,2017-02-22,2017-02-21,3,9
1109,23,4,2017-09-03,2017-09-04,2017-09-04,2,6
1212,213,4,2017-10-27,2017-10-30,2017-10-29,2,6
1259,4,3,2017-11-21,2017-11-21,NULL,2,7
1338,905,4,2018-01-10,2018-01-11,2018-01-13,2,6
113,1078,4,2016-03-08,2016-03-11,2016-03-11,2,6
247,928,4,2016-05-30,2016-06-01,2016-06-01,1,3
327,83,4,2016-07-21,2016-07-24,2016-07-22,2,6
597,1121,4,2016-12-08,2016-12-09,2016-12-10,2,6
755,531,4,2017-03-06,2017-03-07,2017-03-07,2,6
835,940,4,2017-04-13,2017-04-15,2017-04-14,1,2
951,339,4,2017-06-16,2017-06-19,2017-06-19,2,7
192,728,4,2016-04-27,2016-04-28,2016-04-29,2,7
763,842,4,2017-03-08,2017-03-10,2017-03-09,3,9
915,215,4,2017-05-28,2017-05-30,2017-05-30,2,6
1173,548,4,2017-10-08,2017-10-10,2017-10-09,2,7
1346,136,4,2018-01-14,2018-01-15,2018-01-15,3,8
1544,5,1,2018-04-17,2018-04-17,NULL,1,2
616,1444,4,2016-12-20,2016-12-23,2016-12-23,2,6
925,1316,4,2017-06-02,2017-06-05,2017-06-03,2,7
1153,720,4,2017-09-30,2017-10-03,2017-10-03,2,7
1587,231,2,2018-04-26,2018-04-26,NULL,1,2
